isolate,state_loc_cont,countryCode,country,state,county,fieldCode,continent,GPC_coordinate,year,putativeSpp,qPCRAssay,storeSlant,storeFreezer,storeCryogenic,storeBin,identifiedSpp,seqEF,seqIGS,seqRPB2,seqBin,SSR43,SSR12,SSR93,SSR83,SSR4,SSR15,SSR99,SSR48,SSR38,SSR80,SSR59,SSR10
34551,Argentina_ArgGeneral_SouAm,ARG,Argentina,N/A,,N/A,SouthAmerica,,,F. virguliforme,,1,1,1,7,,,,,,209,224,193,231,185,212,234,284,232,163,204,228
34553,Argentina_ArgGeneral_SouAm,ARG,Argentina,N/A,,N/A,SouthAmerica,,,F. virguliforme,,1,0,1,5,,,,,,209,224,193,231,205,212,210,284,202,163,204,228
36605,Argentina_ArgGeneral_SouAm,ARG,Argentina,N/A,,N/A,SouthAmerica,,,F. virguliforme,,1,1,1,7,,,,,,209,224,193,231,205,212,210,284,232,163,204,228
36606,Argentina_ArgGeneral_SouAm,ARG,Argentina,N/A,,N/A,SouthAmerica,,,F. virguliforme,,,,,,,,,,,209,224,193,231,205,212,210,284,232,163,204,228
36607,Argentina_ArgGeneral_SouAm,ARG,Argentina,N/A,,N/A,SouthAmerica,,,F. virguliforme,,,,,,,,,,,209,226,193,231,205,212,210,284,232,163,204,228
36610,Argentina_ArgGeneral_SouAm,ARG,Argentina,N/A,,N/A,SouthAmerica,,,F. virguliforme,,,,,,,,,,,212,224,193,231,0,212,210,284,232,163,204,228
36611,Argentina_ArgGeneral_SouAm,ARG,Argentina,N/A,,N/A,SouthAmerica,,,F. virguliforme,,,,,,,,,,,209,224,193,231,205,212,210,284,232,163,204,228
36896,Argentina_ArgGeneral_SouAm,ARG,Argentina,N/A,,N/A,SouthAmerica,,,F. virguliforme,,,,,,,,,,,212,194,193,231,205,218,210,284,208,163,204,228
36897,Argentina_ArgGeneral_SouAm,ARG,Argentina,N/A,,N/A,SouthAmerica,,,F. virguliforme,,,,,,,,,,,212,224,193,231,205,212,210,284,202,163,204,228
36898,Argentina_ArgGeneral_SouAm,ARG,Argentina,N/A,,N/A,SouthAmerica,,,F. virguliforme,,,,,,,,,,,209,224,193,231,211,212,210,284,286,163,204,228
36899,Argentina_ArgGeneral_SouAm,ARG,Argentina,N/A,,N/A,SouthAmerica,,,F. virguliforme,,,,,,,,,,,212,224,193,231,205,212,210,284,190,163,204,228
36900,Argentina_ArgGeneral_SouAm,ARG,Argentina,N/A,,N/A,SouthAmerica,,,F. virguliforme,,,,,,,,,,,212,224,193,231,205,212,210,284,208,163,204,228
37591,Argentina_ArgGeneral_SouAm,ARG,Argentina,N/A,,N/A,SouthAmerica,,,F. virguliforme,,,,,,,,,,,143,212,166,219,207,212,240,278,232,187,204,243
54291,Argentina_ArgGeneral_SouAm,ARG,Argentina,N/A,,N/A,SouthAmerica,,,F. virguliforme,,,,,,,,,,,215,224,193,231,205,212,210,290,226,163,204,228
KOD-14,Argentina_ArgGeneral_SouAm,ARG,Argentina,N/A,,N/A,SouthAmerica,,,F. virguliforme,,,,,,,,,,,143,212,166,219,205,212,234,278,232,187,204,246
KOD-2,Argentina_ArgGeneral_SouAm,ARG,Argentina,N/A,,N/A,SouthAmerica,,,F. virguliforme,,,,,,,,,,,209,226,193,231,205,212,210,284,208,163,204,207
KOD-21,Argentina_ArgGeneral_SouAm,ARG,Argentina,N/A,,N/A,SouthAmerica,,,F. virguliforme,,,,,,,,,,,143,212,166,219,205,212,216,278,232,187,204,246
KOD-28,Argentina_ArgGeneral_SouAm,ARG,Argentina,N/A,,N/A,SouthAmerica,,,F. virguliforme,,,,,,,,,,,143,210,166,219,205,212,210,278,232,187,204,246
KOD-32,Argentina_ArgGeneral_SouAm,ARG,Argentina,N/A,,N/A,SouthAmerica,,,F. virguliforme,,,,,,,,,,,143,212,166,219,205,212,234,278,232,187,204,246
KOD-33,Argentina_ArgGeneral_SouAm,ARG,Argentina,N/A,,N/A,SouthAmerica,,,F. virguliforme,,,,,,,,,,,212,226,193,231,205,212,210,284,202,163,204,228
KOD-36,Argentina_ArgGeneral_SouAm,ARG,Argentina,N/A,,N/A,SouthAmerica,,,F. virguliforme,,,,,,,,,,,209,226,193,231,205,212,210,296,208,163,204,231
KOD-37,Argentina_ArgGeneral_SouAm,ARG,Argentina,N/A,,N/A,SouthAmerica,,,F. virguliforme,,,,,,,,,,,209,226,193,231,205,212,210,296,208,163,204,231
KOD-46,Argentina_ArgGeneral_SouAm,ARG,Argentina,N/A,,N/A,SouthAmerica,,,F. virguliforme,,,,,,,,,,,209,226,193,231,205,212,210,284,268,163,204,228
KOD-47,Argentina_ArgGeneral_SouAm,ARG,Argentina,N/A,,N/A,SouthAmerica,,,F. virguliforme,,,,,,,,,,,209,226,193,231,205,212,210,284,208,163,204,228
KOD-49,Argentina_ArgGeneral_SouAm,ARG,Argentina,N/A,,N/A,SouthAmerica,,,F. virguliforme,,,,,,,,,,,209,226,193,231,205,212,210,290,208,175,204,228
KOD-5,Argentina_ArgGeneral_SouAm,ARG,Argentina,N/A,,N/A,SouthAmerica,,,F. virguliforme,,,,,,,,,,,209,226,190,231,205,212,210,284,208,163,204,228
KOD-521,Argentina_ArgGeneral_SouAm,ARG,Argentina,N/A,,N/A,SouthAmerica,,,F. virguliforme,,,,,,,,,,,209,226,193,255,205,212,210,284,268,163,204,228
KOD-525,Argentina_ArgGeneral_SouAm,ARG,Argentina,N/A,,N/A,SouthAmerica,,,F. virguliforme,,,,,,,,,,,215,226,193,231,205,212,210,284,232,163,204,228
KOD-533,Argentina_ArgGeneral_SouAm,ARG,Argentina,N/A,,N/A,SouthAmerica,,,F. virguliforme,,,,,,,,,,,215,226,193,231,205,212,210,290,232,163,204,228
KOD-549,Argentina_ArgGeneral_SouAm,ARG,Argentina,N/A,,N/A,SouthAmerica,,,F. virguliforme,,,,,,,,,,,215,226,193,231,205,212,210,284,208,163,204,228
KOD-550,Argentina_ArgGeneral_SouAm,ARG,Argentina,N/A,,N/A,SouthAmerica,,,F. virguliforme,,,,,,,,,,,215,226,193,231,205,212,210,284,208,163,204,228
KOD-551,Argentina_ArgGeneral_SouAm,ARG,Argentina,N/A,,N/A,SouthAmerica,,,F. virguliforme,,,,,,,,,,,212,226,190,231,205,212,210,284,208,163,204,228
KOD-57,Argentina_ArgGeneral_SouAm,ARG,Argentina,N/A,,N/A,SouthAmerica,,,F. virguliforme,,,,,,,,,,,209,226,193,231,205,212,210,284,202,163,204,228
KOD-576,Argentina_ArgGeneral_SouAm,ARG,Argentina,N/A,,N/A,SouthAmerica,,,F. virguliforme,,,,,,,,,,,215,226,193,231,205,212,210,284,208,163,204,192
KOD-58,Argentina_ArgGeneral_SouAm,ARG,Argentina,N/A,,N/A,SouthAmerica,,,F. virguliforme,,,,,,,,,,,191,224,193,231,205,212,210,206,268,163,204,228
KOD-582,Argentina_ArgGeneral_SouAm,ARG,Argentina,N/A,,N/A,SouthAmerica,,,F. virguliforme,,,,,,,,,,,209,226,193,231,205,212,210,284,208,163,204,228
KOD-59,Argentina_ArgGeneral_SouAm,ARG,Argentina,N/A,,N/A,SouthAmerica,,,F. virguliforme,,,,,,,,,,,209,226,193,231,205,239,210,284,232,163,204,228
KOD-60,Argentina_ArgGeneral_SouAm,ARG,Argentina,N/A,,N/A,SouthAmerica,,,F. virguliforme,,,,,,,,,,,191,226,193,231,205,212,210,284,268,166,204,228
KOD11,Argentina_ArgGeneral_SouAm,ARG,Argentina,N/A,,N/A,SouthAmerica,,,F. virguliforme,,,,,,,,,,,143,212,166,219,205,212,234,278,232,187,204,246
KOD12,Argentina_ArgGeneral_SouAm,ARG,Argentina,N/A,,N/A,SouthAmerica,,,F. virguliforme,,,,,,,,,,,143,212,166,219,205,212,234,278,232,187,204,246
KOD13,Argentina_ArgGeneral_SouAm,ARG,Argentina,N/A,,N/A,SouthAmerica,,,F. virguliforme,,,,,,,,,,,143,0,166,219,205,0,234,278,232,187,204,246
KOD15,Argentina_ArgGeneral_SouAm,ARG,Argentina,N/A,,N/A,SouthAmerica,,,F. virguliforme,,,,,,,,,,,143,212,166,219,205,212,240,278,232,187,204,246
KOD16,Argentina_ArgGeneral_SouAm,ARG,Argentina,N/A,,N/A,SouthAmerica,,,F. virguliforme,,,,,,,,,,,143,212,166,219,205,212,234,278,232,187,204,246
KOD18,Argentina_ArgGeneral_SouAm,ARG,Argentina,N/A,,N/A,SouthAmerica,,,F. virguliforme,,,,,,,,,,,143,212,166,219,205,212,234,278,232,187,204,246
KOD19,Argentina_ArgGeneral_SouAm,ARG,Argentina,N/A,,N/A,SouthAmerica,,,F. virguliforme,,,,,,,,,,,143,212,166,219,205,212,240,278,232,187,204,246
KOD20,Argentina_ArgGeneral_SouAm,ARG,Argentina,N/A,,N/A,SouthAmerica,,,F. virguliforme,,,,,,,,,,,143,212,166,219,205,212,240,278,232,163,204,246
KOD22,Argentina_ArgGeneral_SouAm,ARG,Argentina,N/A,,N/A,SouthAmerica,,,F. virguliforme,,,,,,,,,,,140,212,166,219,205,212,234,278,244,187,204,249
KOD24,Argentina_ArgGeneral_SouAm,ARG,Argentina,N/A,,N/A,SouthAmerica,,,F. virguliforme,,,,,,,,,,,143,212,166,219,205,212,234,278,232,187,204,249
KOD26,Argentina_ArgGeneral_SouAm,ARG,Argentina,N/A,,N/A,SouthAmerica,,,F. virguliforme,,,,,,,,,,,143,212,166,219,205,212,234,278,232,187,204,249
KOD27,Argentina_ArgGeneral_SouAm,ARG,Argentina,N/A,,N/A,SouthAmerica,,,F. virguliforme,,,,,,,,,,,209,224,193,231,205,212,210,290,232,163,204,228
KOD30,Argentina_ArgGeneral_SouAm,ARG,Argentina,N/A,,N/A,SouthAmerica,,,F. virguliforme,,,,,,,,,,,143,212,166,219,205,212,258,278,232,187,204,246
KOD522,Argentina_ArgGeneral_SouAm,ARG,Argentina,N/A,,N/A,SouthAmerica,,,F. virguliforme,,,,,,,,,,,209,224,193,231,205,212,210,284,238,163,204,228
KOD523,Argentina_ArgGeneral_SouAm,ARG,Argentina,N/A,,N/A,SouthAmerica,,,F. virguliforme,,,,,,,,,,,209,224,193,231,205,212,210,284,220,163,204,228
KOD524,Argentina_ArgGeneral_SouAm,ARG,Argentina,N/A,,N/A,SouthAmerica,,,F. virguliforme,,,,,,,,,,,215,224,193,231,205,212,210,284,232,163,204,228
KOD527,Argentina_ArgGeneral_SouAm,ARG,Argentina,N/A,,N/A,SouthAmerica,,,F. virguliforme,,,,,,,,,,,215,214,193,231,205,212,210,284,232,163,204,228
KOD528,Argentina_ArgGeneral_SouAm,ARG,Argentina,N/A,,N/A,SouthAmerica,,,F. virguliforme,,,,,,,,,,,215,224,193,231,205,212,210,284,232,163,204,228
KOD535,Argentina_ArgGeneral_SouAm,ARG,Argentina,N/A,,N/A,SouthAmerica,,,F. virguliforme,,,,,,,,,,,209,226,193,231,205,212,210,284,220,163,204,228
KOD571,Argentina_ArgGeneral_SouAm,ARG,Argentina,N/A,,N/A,SouthAmerica,,,F. virguliforme,,,,,,,,,,,212,226,193,231,205,212,210,284,232,169,204,228
KOD573,Argentina_ArgGeneral_SouAm,ARG,Argentina,N/A,,N/A,SouthAmerica,,,F. virguliforme,,,,,,,,,,,215,224,193,231,205,212,210,284,232,163,204,228
KOD574,Argentina_ArgGeneral_SouAm,ARG,Argentina,N/A,,N/A,SouthAmerica,,,F. virguliforme,,,,,,,,,,,212,224,193,231,205,212,210,284,202,163,204,228
KOD575,Argentina_ArgGeneral_SouAm,ARG,Argentina,N/A,,N/A,SouthAmerica,,,F. virguliforme,,,,,,,,,,,212,224,193,231,205,212,210,284,202,163,204,228
ARCL1-14-A2,Arkansas_ARCL1_NorAm,USA,UnitedStates,Arkansas,Prairie,ARCL,NorthAmerica,,2014,F. virguliforme,,,,,,,,,,,191,212,166,219,203,209,234,272,232,187,204,243
ARCL1-14-B1,Arkansas_ARCL1_NorAm,USA,UnitedStates,Arkansas,Prairie,ARCL,NorthAmerica,,2014,F. virguliforme,,,,,,,,,,,191,212,166,219,203,209,234,272,232,187,216,243
ARCL1-14-B3,Arkansas_ARCL1_NorAm,USA,UnitedStates,Arkansas,Prairie,ARCL,NorthAmerica,,2014,F. virguliforme,,,,,,,,,,,191,212,166,219,203,209,234,254,232,187,210,195
ARCL1-14-B4,Arkansas_ARCL1_NorAm,USA,UnitedStates,Arkansas,Prairie,ARCL,NorthAmerica,,2014,F. virguliforme,,,,,,,,,,,143,212,166,219,205,212,234,278,232,187,204,222
ARCL1-14-C1,Arkansas_ARCL1_NorAm,USA,UnitedStates,Arkansas,Prairie,ARCL,NorthAmerica,,2014,F. virguliforme,,,,,,,,,,,191,212,166,219,203,209,234,254,232,187,210,243
ARCL1-14-C2,Arkansas_ARCL1_NorAm,USA,UnitedStates,Arkansas,Prairie,ARCL,NorthAmerica,,2014,F. virguliforme,,,,,,,,,,,194,212,166,219,203,209,234,272,232,190,204,243
ARCL1-14-C3,Arkansas_ARCL1_NorAm,USA,UnitedStates,Arkansas,Prairie,ARCL,NorthAmerica,,2014,F. virguliforme,,,,,,,,,,,191,212,166,219,203,209,234,272,232,187,204,246
ARCL1-14-C5,Arkansas_ARCL1_NorAm,USA,UnitedStates,Arkansas,Prairie,ARCL,NorthAmerica,,2014,F. virguliforme,,,,,,,,,,,143,212,166,219,205,212,234,278,232,187,204,189
ARCL1-14-C6,Arkansas_ARCL1_NorAm,USA,UnitedStates,Arkansas,Prairie,ARCL,NorthAmerica,,2014,F. virguliforme,,,,,,,,,,,191,212,166,219,203,209,234,254,232,187,210,243
ARCL1-14-C7,Arkansas_ARCL1_NorAm,USA,UnitedStates,Arkansas,Prairie,ARCL,NorthAmerica,,2014,F. virguliforme,,,,,,,,,,,203,210,193,219,203,218,234,278,202,235,210,231
ARCL1-14-D1,Arkansas_ARCL1_NorAm,USA,UnitedStates,Arkansas,Prairie,ARCL,NorthAmerica,,2014,F. virguliforme,,,,,,,,,,,191,212,166,219,203,209,234,254,232,187,210,246
ARCL1-14-D3,Arkansas_ARCL1_NorAm,USA,UnitedStates,Arkansas,Prairie,ARCL,NorthAmerica,,2014,F. virguliforme,,,,,,,,,,,191,212,166,219,203,209,234,272,232,187,216,243
ARCL1-14-D5,Arkansas_ARCL1_NorAm,USA,UnitedStates,Arkansas,Prairie,ARCL,NorthAmerica,,2014,F. virguliforme,,,,,,,,,,,191,212,166,219,203,209,234,272,232,187,216,243
ARCL1-14-E1,Arkansas_ARCL1_NorAm,USA,UnitedStates,Arkansas,Prairie,ARCL,NorthAmerica,,2014,F. virguliforme,,,,,,,,,,,191,212,166,219,203,209,234,254,232,187,210,243
ARCL1-14-E2,Arkansas_ARCL1_NorAm,USA,UnitedStates,Arkansas,Prairie,ARCL,NorthAmerica,,2014,F. virguliforme,,,,,,,,,,,203,210,193,219,203,218,234,278,202,235,210,231
ARCL1-14-E3,Arkansas_ARCL1_NorAm,USA,UnitedStates,Arkansas,Prairie,ARCL,NorthAmerica,,2014,F. virguliforme,,,,,,,,,,,191,212,166,219,203,209,234,272,232,187,216,189
ARCL1-14-E5,Arkansas_ARCL1_NorAm,USA,UnitedStates,Arkansas,Prairie,ARCL,NorthAmerica,,2014,F. virguliforme,,,,,,,,,,,239,208,193,219,203,170,234,296,232,163,204,231
ARCL1-14-F1,Arkansas_ARCL1_NorAm,USA,UnitedStates,Arkansas,Prairie,ARCL,NorthAmerica,,2014,F. virguliforme,,,,,,,,,,,143,212,166,219,205,212,234,278,232,187,204,243
ARCL1-14-F4,Arkansas_ARCL1_NorAm,USA,UnitedStates,Arkansas,Prairie,ARCL,NorthAmerica,,2014,F. virguliforme,,,,,,,,,,,191,212,166,219,203,209,252,272,232,187,204,189
ARCL1-14-F6,Arkansas_ARCL1_NorAm,USA,UnitedStates,Arkansas,Prairie,ARCL,NorthAmerica,,2014,F. virguliforme,,,,,,,,,,,191,212,166,219,203,209,234,260,232,187,210,243
ARCL1-14-F7,Arkansas_ARCL1_NorAm,USA,UnitedStates,Arkansas,Prairie,ARCL,NorthAmerica,,2014,F. virguliforme,,,,,,,,,,,143,212,166,219,205,212,234,278,232,187,204,243
ARCL1-14-G1,Arkansas_ARCL1_NorAm,USA,UnitedStates,Arkansas,Prairie,ARCL,NorthAmerica,,2014,F. virguliforme,,,,,,,,,,,179,212,166,219,203,209,234,254,232,187,210,243
ARCL1-14-G2,Arkansas_ARCL1_NorAm,USA,UnitedStates,Arkansas,Prairie,ARCL,NorthAmerica,,2014,F. virguliforme,,,,,,,,,,,191,212,166,219,203,209,234,272,232,187,216,243
ARCL1-14-G3,Arkansas_ARCL1_NorAm,USA,UnitedStates,Arkansas,Prairie,ARCL,NorthAmerica,,2014,F. virguliforme,,,,,,,,,,,191,212,166,219,203,209,234,272,232,187,216,243
ARFD3-14-A3,Arkansas_ARFD3_NorAm,USA,UnitedStates,Arkansas,Prairie,ARFD,NorthAmerica,,2014,F. virguliforme,,,,,,,,,,,191,212,166,219,203,209,234,272,232,187,204,243
ARFD3-14-A5,Arkansas_ARFD3_NorAm,USA,UnitedStates,Arkansas,Prairie,ARFD,NorthAmerica,,2014,F. virguliforme,,,,,,,,,,,191,212,166,219,203,209,234,278,232,187,216,243
ARFD3-14-A6,Arkansas_ARFD3_NorAm,USA,UnitedStates,Arkansas,Prairie,ARFD,NorthAmerica,,2014,F. virguliforme,,,,,,,,,,,191,212,166,219,203,209,240,272,232,187,216,189
ARFD3-14-A7,Arkansas_ARFD3_NorAm,USA,UnitedStates,Arkansas,Prairie,ARFD,NorthAmerica,,2014,F. virguliforme,,,,,,,,,,,191,206,166,219,203,0,258,278,0,187,204,243
ARFD3-14-B1,Arkansas_ARFD3_NorAm,USA,UnitedStates,Arkansas,Prairie,ARFD,NorthAmerica,,2014,F. virguliforme,,,,,,,,,,,113,172,178,201,0,152,216,218,196,145,156,159
ARFD3-14-B2,Arkansas_ARFD3_NorAm,USA,UnitedStates,Arkansas,Prairie,ARFD,NorthAmerica,,2014,F. virguliforme,,,,,,,,,,,191,212,166,219,203,209,234,272,232,187,204,246
ARFD3-14-B4,Arkansas_ARFD3_NorAm,USA,UnitedStates,Arkansas,Prairie,ARFD,NorthAmerica,,2014,F. virguliforme,,,,,,,,,,,191,212,166,219,203,209,240,272,232,187,216,243
ARFD3-14-B5,Arkansas_ARFD3_NorAm,USA,UnitedStates,Arkansas,Prairie,ARFD,NorthAmerica,,2014,F. virguliforme,,,,,,,,,,,191,212,166,219,203,209,240,272,232,187,216,243
ARFD3-14-B6,Arkansas_ARFD3_NorAm,USA,UnitedStates,Arkansas,Prairie,ARFD,NorthAmerica,,2014,F. virguliforme,,,,,,,,,,,191,212,166,219,203,209,234,278,232,187,204,243
ARFD3-14-B7,Arkansas_ARFD3_NorAm,USA,UnitedStates,Arkansas,Prairie,ARFD,NorthAmerica,,2014,F. virguliforme,,,,,,,,,,,209,224,193,231,205,212,210,284,190,163,204,228
ARFD3-14-C1,Arkansas_ARFD3_NorAm,USA,UnitedStates,Arkansas,Prairie,ARFD,NorthAmerica,,2014,F. virguliforme,,,,,,,,,,,143,212,166,219,205,224,234,278,232,187,204,246
ARFD3-14-C4,Arkansas_ARFD3_NorAm,USA,UnitedStates,Arkansas,Prairie,ARFD,NorthAmerica,,2014,F. virguliforme,,,,,,,,,,,209,226,178,231,205,212,210,284,268,163,204,228
ARFD3-14-C5,Arkansas_ARFD3_NorAm,USA,UnitedStates,Arkansas,Prairie,ARFD,NorthAmerica,,2014,F. virguliforme,,,,,,,,,,,209,226,193,237,205,212,210,284,232,163,204,228
ARFD3-14-D1,Arkansas_ARFD3_NorAm,USA,UnitedStates,Arkansas,Prairie,ARFD,NorthAmerica,,2014,F. virguliforme,,,,,,,,,,,191,212,166,219,203,209,234,272,232,187,216,246
ARFD3-14-D6,Arkansas_ARFD3_NorAm,USA,UnitedStates,Arkansas,Prairie,ARFD,NorthAmerica,,2014,F. virguliforme,,,,,,,,,,,191,212,166,219,203,209,234,272,232,187,216,189
ARFD3-14-D7,Arkansas_ARFD3_NorAm,USA,UnitedStates,Arkansas,Prairie,ARFD,NorthAmerica,,2014,F. virguliforme,,,,,,,,,,,209,226,193,231,205,212,210,284,268,163,204,228
ARFD3-14-E2,Arkansas_ARFD3_NorAm,USA,UnitedStates,Arkansas,Prairie,ARFD,NorthAmerica,,2014,F. virguliforme,,,,,,,,,,,191,212,166,219,203,209,234,272,232,187,216,243
ARFD3-14-F1,Arkansas_ARFD3_NorAm,USA,UnitedStates,Arkansas,Prairie,ARFD,NorthAmerica,,2014,F. virguliforme,,,,,,,,,,,191,212,166,219,203,209,234,272,232,187,216,243
ARFD3-14-F3,Arkansas_ARFD3_NorAm,USA,UnitedStates,Arkansas,Prairie,ARFD,NorthAmerica,,2014,F. virguliforme,,,,,,,,,,,191,212,166,219,203,209,234,272,232,187,216,246
ARFD3-14-F6,Arkansas_ARFD3_NorAm,USA,UnitedStates,Arkansas,Prairie,ARFD,NorthAmerica,,2014,F. virguliforme,,,,,,,,,,,143,212,166,219,205,212,234,278,232,187,204,243
ARFD3-14-F7,Arkansas_ARFD3_NorAm,USA,UnitedStates,Arkansas,Prairie,ARFD,NorthAmerica,,2014,F. virguliforme,,,,,,,,,,,227,206,193,225,203,185,180,224,202,226,246,198
ARFD3-14-G1,Arkansas_ARFD3_NorAm,USA,UnitedStates,Arkansas,Prairie,ARFD,NorthAmerica,,2014,F. virguliforme,,,,,,,,,,,143,210,166,219,205,215,234,230,232,187,240,243
ARFD3-14-G2,Arkansas_ARFD3_NorAm,USA,UnitedStates,Arkansas,Prairie,ARFD,NorthAmerica,,2014,F. virguliforme,,,,,,,,,,,143,212,166,219,205,212,240,278,232,187,204,243
ARFD3-14-G3,Arkansas_ARFD3_NorAm,USA,UnitedStates,Arkansas,Prairie,ARFD,NorthAmerica,,2014,F. virguliforme,,,,,,,,,,,188,212,166,219,203,209,234,254,232,187,204,189
ARLE-A1,Arkansas_ARLE_NorAm,USA,UnitedStates,Arkansas,Lee,ARLE,NorthAmerica,,2012,F. virguliforme,,,,,,,,,,,143,212,166,219,205,212,234,278,232,187,204,243
ARLE-B2,Arkansas_ARLE_NorAm,USA,UnitedStates,Arkansas,Lee,ARLE,NorthAmerica,,2012,F. virguliforme,,,,,,,,,,,143,212,166,219,207,212,240,278,232,205,204,243
ARLE-B3,Arkansas_ARLE_NorAm,USA,UnitedStates,Arkansas,Lee,ARLE,NorthAmerica,,2012,F. virguliforme,,,,,,,,,,,191,212,166,219,203,209,234,272,232,187,216,243
ARLE-C1,Arkansas_ARLE_NorAm,USA,UnitedStates,Arkansas,Lee,ARLE,NorthAmerica,,2012,F. virguliforme,,,,,,,,,,,143,212,166,219,207,212,240,278,232,205,204,243
ARLE-C2,Arkansas_ARLE_NorAm,USA,UnitedStates,Arkansas,Lee,ARLE,NorthAmerica,,2012,F. virguliforme,,,,,,,,,,,191,212,166,219,203,209,234,278,232,187,216,246
ARLE-C3a,Arkansas_ARLE_NorAm,USA,UnitedStates,Arkansas,Lee,ARLE,NorthAmerica,,2012,F. virguliforme,,,,,,,,,,,191,212,166,219,203,209,234,272,232,193,204,243
ARLE-C3b,Arkansas_ARLE_NorAm,USA,UnitedStates,Arkansas,Lee,ARLE,NorthAmerica,,2012,F. virguliforme,,,,,,,,,,,191,212,166,219,203,209,234,272,232,193,204,243
ARLE-D1,Arkansas_ARLE_NorAm,USA,UnitedStates,Arkansas,Lee,ARLE,NorthAmerica,,2012,F. virguliforme,,,,,,,,,,,143,212,166,219,207,212,240,278,232,205,204,243
ARLE-D3,Arkansas_ARLE_NorAm,USA,UnitedStates,Arkansas,Lee,ARLE,NorthAmerica,,2012,F. virguliforme,,,,,,,,,,,143,212,166,219,205,212,234,278,232,187,204,243
ARLE-D6,Arkansas_ARLE_NorAm,USA,UnitedStates,Arkansas,Lee,ARLE,NorthAmerica,,2012,F. virguliforme,,,,,,,,,,,191,212,166,219,203,209,234,272,232,187,216,243
ARLE-E2,Arkansas_ARLE_NorAm,USA,UnitedStates,Arkansas,Lee,ARLE,NorthAmerica,,2012,F. virguliforme,,,,,,,,,,,191,212,166,219,203,209,234,272,232,193,204,243
ARLE-E3,Arkansas_ARLE_NorAm,USA,UnitedStates,Arkansas,Lee,ARLE,NorthAmerica,,2012,F. virguliforme,,,,,,,,,,,191,212,166,219,203,209,234,272,232,187,216,243
ARLE-F1a,Arkansas_ARLE_NorAm,USA,UnitedStates,Arkansas,Lee,ARLE,NorthAmerica,,2012,F. virguliforme,,,,,,,,,,,143,212,166,219,205,212,240,278,232,187,204,243
ARLE-F1b,Arkansas_ARLE_NorAm,USA,UnitedStates,Arkansas,Lee,ARLE,NorthAmerica,,2012,F. virguliforme,,,,,,,,,,,143,212,166,219,205,212,240,278,232,187,204,243
ARLE-F2,Arkansas_ARLE_NorAm,USA,UnitedStates,Arkansas,Lee,ARLE,NorthAmerica,,2012,F. virguliforme,,,,,,,,,,,143,212,166,219,207,212,240,278,232,205,204,243
ARLE-F3,Arkansas_ARLE_NorAm,USA,UnitedStates,Arkansas,Lee,ARLE,NorthAmerica,,2012,F. virguliforme,,,,,,,,,,,191,212,166,219,203,209,234,272,232,187,216,243
ARLE-F4,Arkansas_ARLE_NorAm,USA,UnitedStates,Arkansas,Lee,ARLE,NorthAmerica,,2012,F. virguliforme,,,,,,,,,,,143,212,166,219,207,212,240,278,232,205,204,243
ARLE-F6,Arkansas_ARLE_NorAm,USA,UnitedStates,Arkansas,Lee,ARLE,NorthAmerica,,2012,F. virguliforme,,,,,,,,,,,191,212,166,219,203,209,234,272,232,193,204,243
ARLE-F7,Arkansas_ARLE_NorAm,USA,UnitedStates,Arkansas,Lee,ARLE,NorthAmerica,,2012,F. virguliforme,,,,,,,,,,,212,212,166,219,203,209,234,278,232,190,204,243
ARLE-G1,Arkansas_ARLE_NorAm,USA,UnitedStates,Arkansas,Lee,ARLE,NorthAmerica,,2012,F. virguliforme,,,,,,,,,,,191,212,166,219,203,209,234,272,232,187,216,243
ARLE-G2-1,Arkansas_ARLE_NorAm,USA,UnitedStates,Arkansas,Lee,ARLE,NorthAmerica,,2012,F. virguliforme,,,,,,,,,,,143,212,166,219,207,212,240,278,232,205,204,243
ARLE-G2-2,Arkansas_ARLE_NorAm,USA,UnitedStates,Arkansas,Lee,ARLE,NorthAmerica,,2012,F. virguliforme,,,,,,,,,,,143,212,166,219,207,212,240,278,232,205,204,243
ARLE-G3,Arkansas_ARLE_NorAm,USA,UnitedStates,Arkansas,Lee,ARLE,NorthAmerica,,2012,F. virguliforme,,,,,,,,,,,143,212,166,219,207,212,240,284,232,205,204,243
ARLE-G4,Arkansas_ARLE_NorAm,USA,UnitedStates,Arkansas,Lee,ARLE,NorthAmerica,,2012,F. virguliforme,,,,,,,,,,,209,224,193,231,205,212,210,284,196,163,204,228
ARLE-G5,Arkansas_ARLE_NorAm,USA,UnitedStates,Arkansas,Lee,ARLE,NorthAmerica,,2012,F. virguliforme,,,,,,,,,,,209,224,193,231,205,212,210,284,202,163,204,228
ARLE-G7,Arkansas_ARLE_NorAm,USA,UnitedStates,Arkansas,Lee,ARLE,NorthAmerica,,2012,F. virguliforme,,,,,,,,,,,191,212,166,219,203,209,234,278,208,190,204,213
ARLN5-14-A3,Arkansas_ARLN5_NorAm,USA,UnitedStates,Arkansas,Lonoke,ARLN,NorthAmerica,,2014,F. virguliforme,,,,,,,,,,,191,210,166,219,203,209,234,278,232,187,204,246
ARLN5-14-D5,Arkansas_ARLN5_NorAm,USA,UnitedStates,Arkansas,Lonoke,ARLN,NorthAmerica,,2014,F. virguliforme,,,,,,,,,,,191,210,166,219,203,209,234,272,196,187,204,243
ARLN5-14-E6,Arkansas_ARLN5_NorAm,USA,UnitedStates,Arkansas,Lonoke,ARLN,NorthAmerica,,2014,F. virguliforme,,,,,,,,,,,143,210,166,219,205,212,234,278,232,187,204,255
ARLN5-14-G7,Arkansas_ARLN5_NorAm,USA,UnitedStates,Arkansas,Lonoke,ARLN,NorthAmerica,,2014,F. virguliforme,,,,,,,,,,,143,212,166,219,205,212,234,278,232,187,204,249
ARPR4-14-A3,Arkansas_ARPR4_NorAm,USA,UnitedStates,Arkansas,Desha,ARPR,NorthAmerica,,2014,F. virguliforme,,,,,,,,,,,113,172,178,201,177,152,0,218,196,145,156,159
ARPR4-14-A5,Arkansas_ARPR4_NorAm,USA,UnitedStates,Arkansas,Desha,ARPR,NorthAmerica,,2014,F. virguliforme,,,,,,,,,,,143,212,166,219,205,212,234,278,232,187,204,243
ARPR4-14-A6,Arkansas_ARPR4_NorAm,USA,UnitedStates,Arkansas,Desha,ARPR,NorthAmerica,,2014,F. virguliforme,,,,,,,,,,,209,224,193,231,205,212,210,290,238,163,204,228
ARPR4-14-B4,Arkansas_ARPR4_NorAm,USA,UnitedStates,Arkansas,Desha,ARPR,NorthAmerica,,2014,F. virguliforme,,,,,,,,,,,209,226,193,231,205,212,210,290,238,163,204,228
ARPR4-14-B5,Arkansas_ARPR4_NorAm,USA,UnitedStates,Arkansas,Desha,ARPR,NorthAmerica,,2014,F. virguliforme,,,,,,,,,,,143,212,166,219,205,212,234,284,232,187,204,246
ARPR4-14-B7,Arkansas_ARPR4_NorAm,USA,UnitedStates,Arkansas,Desha,ARPR,NorthAmerica,,2014,F. virguliforme,,,,,,,,,,,194,226,193,231,205,212,210,284,238,163,204,228
ARPR4-14-C2,Arkansas_ARPR4_NorAm,USA,UnitedStates,Arkansas,Desha,ARPR,NorthAmerica,,2014,F. virguliforme,,,,,,,,,,,209,226,193,231,205,212,210,290,244,163,204,210
ARPR4-14-C7,Arkansas_ARPR4_NorAm,USA,UnitedStates,Arkansas,Desha,ARPR,NorthAmerica,,2014,F. virguliforme,,,,,,,,,,,209,226,193,231,205,212,210,284,184,163,204,228
ARPR4-14-D2,Arkansas_ARPR4_NorAm,USA,UnitedStates,Arkansas,Desha,ARPR,NorthAmerica,,2014,F. virguliforme,,,,,,,,,,,209,226,193,231,205,212,210,284,196,163,204,228
ARPR4-14-D3,Arkansas_ARPR4_NorAm,USA,UnitedStates,Arkansas,Desha,ARPR,NorthAmerica,,2014,F. virguliforme,,,,,,,,,,,143,212,166,219,205,212,234,278,232,187,204,243
ARPR4-14-D6,Arkansas_ARPR4_NorAm,USA,UnitedStates,Arkansas,Desha,ARPR,NorthAmerica,,2014,F. virguliforme,,,,,,,,,,,143,212,166,219,205,212,258,278,232,187,204,243
ARPR4-14-E4,Arkansas_ARPR4_NorAm,USA,UnitedStates,Arkansas,Desha,ARPR,NorthAmerica,,2014,F. virguliforme,,,,,,,,,,,209,226,193,231,205,212,210,284,244,163,204,228
ARPR4-14-E6,Arkansas_ARPR4_NorAm,USA,UnitedStates,Arkansas,Desha,ARPR,NorthAmerica,,2014,F. virguliforme,,,,,,,,,,,113,172,178,195,0,152,0,218,196,145,156,159
ARPR4-14-F1,Arkansas_ARPR4_NorAm,USA,UnitedStates,Arkansas,Desha,ARPR,NorthAmerica,,2014,F. virguliforme,,,,,,,,,,,224,206,193,219,203,185,210,224,202,226,246,198
ARPR4-14-F2,Arkansas_ARPR4_NorAm,USA,UnitedStates,Arkansas,Desha,ARPR,NorthAmerica,,2014,F. virguliforme,,,,,,,,,,,209,224,193,231,205,233,210,284,238,163,204,228
ARPR4-14-F3,Arkansas_ARPR4_NorAm,USA,UnitedStates,Arkansas,Desha,ARPR,NorthAmerica,,2014,F. virguliforme,,,,,,,,,,,206,226,193,231,205,212,210,284,268,163,204,261
ARPR4-14-F4,Arkansas_ARPR4_NorAm,USA,UnitedStates,Arkansas,Desha,ARPR,NorthAmerica,,2014,F. virguliforme,,,,,,,,,,,191,210,166,219,203,209,234,272,232,187,204,243
ARPR4-14-F7,Arkansas_ARPR4_NorAm,USA,UnitedStates,Arkansas,Desha,ARPR,NorthAmerica,,2014,F. virguliforme,,,,,,,,,,,0,210,166,219,205,212,258,278,232,187,0,243
ARPR4-14-G2,Arkansas_ARPR4_NorAm,USA,UnitedStates,Arkansas,Desha,ARPR,NorthAmerica,,2014,F. virguliforme,,,,,,,,,,,209,226,193,231,205,212,210,290,268,163,204,228
ARPR4-14-G3,Arkansas_ARPR4_NorAm,USA,UnitedStates,Arkansas,Desha,ARPR,NorthAmerica,,2014,F. virguliforme,,,,,,,,,,,209,208,214,219,203,209,174,284,256,232,0,0
ARPR4-14-G4,Arkansas_ARPR4_NorAm,USA,UnitedStates,Arkansas,Desha,ARPR,NorthAmerica,,2014,F. virguliforme,,,,,,,,,,,209,224,193,231,205,212,210,284,220,163,204,258
ARPR4-14-G5,Arkansas_ARPR4_NorAm,USA,UnitedStates,Arkansas,Desha,ARPR,NorthAmerica,,2014,F. virguliforme,,,,,,,,,,,143,212,166,219,205,209,234,278,232,187,210,243
ARPR4-14-G7,Arkansas_ARPR4_NorAm,USA,UnitedStates,Arkansas,Desha,ARPR,NorthAmerica,,2014,F. virguliforme,,,,,,,,,,,209,208,217,219,203,215,174,266,208,268,216,237
32391,Arkansas_ARgeneral_NorAm,USA,UnitedStates,Arkansas,,N/A,NorthAmerica,,,F. virguliforme,,,,,,,,,,,209,214,193,231,205,212,210,290,268,163,204,228
37585,Arkansas_ARgeneral_NorAm,USA,UnitedStates,Arkansas,,N/A,NorthAmerica,,,F. virguliforme,,,,,,,,,,,197,212,166,219,203,209,234,272,214,187,216,243
37586,Arkansas_ARgeneral_NorAm,USA,UnitedStates,Arkansas,,N/A,NorthAmerica,,,F. virguliforme,,,,,,,,,,,209,226,193,231,205,212,210,284,256,163,210,228
JR-10,Arkansas_ARgeneral_NorAm,USA,UnitedStates,Arkansas,,N/A,NorthAmerica,,,F. virguliforme,,,,,,,,,,,143,210,166,219,205,212,234,278,232,187,204,246
JR-11,Arkansas_ARgeneral_NorAm,USA,UnitedStates,Arkansas,,N/A,NorthAmerica,,,F. virguliforme,,,,,,,,,,,143,210,166,219,207,212,246,272,232,187,204,243
JR-12,Arkansas_ARgeneral_NorAm,USA,UnitedStates,Arkansas,,N/A,NorthAmerica,,,F. virguliforme,,,,,,,,,,,191,210,166,219,203,209,234,278,232,193,216,243
JR-13,Arkansas_ARgeneral_NorAm,USA,UnitedStates,Arkansas,,N/A,NorthAmerica,,,F. virguliforme,,,,,,,,,,,209,206,193,219,203,185,174,230,202,235,0,198
JR-14,Arkansas_ARgeneral_NorAm,USA,UnitedStates,Arkansas,,N/A,NorthAmerica,,,F. virguliforme,,,,,,,,,,,191,212,166,219,203,209,234,278,232,193,216,243
JR-16,Arkansas_ARgeneral_NorAm,USA,UnitedStates,Arkansas,,N/A,NorthAmerica,,,F. virguliforme,,,,,,,,,,,194,210,166,219,203,209,234,272,232,190,204,246
JR-175,Arkansas_ARgeneral_NorAm,USA,UnitedStates,Arkansas,,N/A,NorthAmerica,,,F. virguliforme,,,,,,,,,,,212,210,166,219,203,209,234,272,232,187,204,246
JR-18,Arkansas_ARgeneral_NorAm,USA,UnitedStates,Arkansas,,N/A,NorthAmerica,,,F. virguliforme,,,,,,,,,,,191,210,166,219,203,209,234,272,232,187,204,243
JR-197,Arkansas_ARgeneral_NorAm,USA,UnitedStates,Arkansas,,N/A,NorthAmerica,,,F. virguliforme,,,,,,,,,,,209,224,193,231,205,212,210,284,214,163,204,228
JR-1b,Arkansas_ARgeneral_NorAm,USA,UnitedStates,Arkansas,,N/A,NorthAmerica,,,F. virguliforme,,,,,,,,,,,191,212,166,219,203,209,234,272,232,187,216,243
JR-245,Arkansas_ARgeneral_NorAm,USA,UnitedStates,Arkansas,,N/A,NorthAmerica,,,F. virguliforme,,,,,,,,,,,191,210,166,219,203,209,234,278,232,193,0,243
JR-258,Arkansas_ARgeneral_NorAm,USA,UnitedStates,Arkansas,,N/A,NorthAmerica,,,F. virguliforme,,,,,,,,,,,209,224,193,231,205,212,210,290,268,163,162,228
JR-4,Arkansas_ARgeneral_NorAm,USA,UnitedStates,Arkansas,,N/A,NorthAmerica,,,F. virguliforme,,,,,,,,,,,170,204,193,219,205,179,234,218,232,160,210,231
JR-7,Arkansas_ARgeneral_NorAm,USA,UnitedStates,Arkansas,,N/A,NorthAmerica,,,F. virguliforme,,,,,,,,,,,191,210,166,219,203,209,234,278,208,190,204,207
JR-8,Arkansas_ARgeneral_NorAm,USA,UnitedStates,Arkansas,,N/A,NorthAmerica,,,F. virguliforme,,,,,,,,,,,224,200,190,219,203,185,174,224,202,226,246,198
JR-9,Arkansas_ARgeneral_NorAm,USA,UnitedStates,Arkansas,,N/A,NorthAmerica,,,F. virguliforme,,,,,,,,,,,191,212,166,219,203,209,234,278,208,193,198,210
Rodney-2,CA_CAgeneral_NorAm,CAN,Canada,Ontario,,N/A,NorthAmerica,,2014,F. virguliforme,,,,,,,,,,,206,210,193,219,203,218,180,266,202,235,210,231
31039,Illinois_ILGeneral_NorAm,USA,UnitedStates,Illinois,,N/A,NorthAmerica,,,F. virguliforme,,,,,,,,,,,191,212,0,219,203,209,240,272,232,187,222,246
31041,Illinois_ILGeneral_NorAm,USA,UnitedStates,Illinois,,N/A,NorthAmerica,,,F. virguliforme,,,,,,,,,,,191,212,166,219,203,209,234,272,232,187,216,243
34444,Illinois_ILGeneral_NorAm,USA,UnitedStates,Illinois,,N/A,NorthAmerica,,,F. virguliforme,,,,,,,,,,,191,212,166,219,203,209,234,272,232,187,216,246
JR-226,Illinois_ILGeneral_NorAm,USA,UnitedStates,Illinois,,N/A,NorthAmerica,,,F. virguliforme,,,,,,,,,,,209,224,193,231,205,212,210,284,268,163,204,228
JR-228,Illinois_ILGeneral_NorAm,USA,UnitedStates,Illinois,,N/A,NorthAmerica,,,F. virguliforme,,,,,,,,,,,191,212,166,219,203,209,192,278,232,187,204,279
KOD-74,Illinois_ILGeneral_NorAm,USA,UnitedStates,Illinois,,N/A,NorthAmerica,,,F. virguliforme,,,,,,,,,,,209,226,193,231,205,212,210,290,268,163,204,228
Mont1,Illinois_ILGeneral_NorAm,USA,UnitedStates,Illinois,,N/A,NorthAmerica,,,F. virguliforme,,,,,,F. virguliforme,,,,,209,226,193,231,205,185,234,278,232,163,204,228
22823,Indiana_INGeneral_NorAm,USA,UnitedStates,Indiana,,N/A,NorthAmerica,,,F. virguliforme,,,,,,,,,,,191,212,166,219,203,209,0,218,196,187,216,243
37592,Indiana_INGeneral_NorAm,USA,UnitedStates,Indiana,,N/A,NorthAmerica,,,F. virguliforme,,,,,,,,,,,191,212,166,219,203,209,234,272,232,187,216,243
KOD-63,Indiana_INGeneral_NorAm,USA,UnitedStates,Indiana,,N/A,NorthAmerica,,,F. virguliforme,,,,,,,,,,,143,212,166,219,205,212,234,206,232,187,204,243
INMO-A1,Indiana_INMO_NorAm,USA,UnitedStates,Indiana,White,INMO,NorthAmerica,,2012,F. virguliforme,,,,,,,,,,,143,0,166,219,205,212,234,278,232,187,204,246
INMO-A2,Indiana_INMO_NorAm,USA,UnitedStates,Indiana,White,INMO,NorthAmerica,,2012,F. virguliforme,,,,,,,,,,,191,212,166,219,203,209,234,272,232,187,204,243
INMO-A3,Indiana_INMO_NorAm,USA,UnitedStates,Indiana,White,INMO,NorthAmerica,,2012,F. virguliforme,,,,,,,,,,,191,212,166,219,203,209,240,272,232,187,204,243
INMO-A5,Indiana_INMO_NorAm,USA,UnitedStates,Indiana,White,INMO,NorthAmerica,,2012,F. virguliforme,,,,,,,,,,,143,212,166,189,205,212,234,278,250,187,204,246
INMO-A6,Indiana_INMO_NorAm,USA,UnitedStates,Indiana,White,INMO,NorthAmerica,,2012,F. virguliforme,,,,,,,,,,,170,206,193,219,203,209,234,212,232,223,192,234
INMO-B1,Indiana_INMO_NorAm,USA,UnitedStates,Indiana,White,INMO,NorthAmerica,,2012,F. virguliforme,,,,,,,,,,,143,212,166,189,205,212,234,278,250,187,204,246
INMO-B2,Indiana_INMO_NorAm,USA,UnitedStates,Indiana,White,INMO,NorthAmerica,,2012,F. virguliforme,,,,,,,,,,,191,212,166,219,201,209,234,254,232,187,204,243
INMO-B3,Indiana_INMO_NorAm,USA,UnitedStates,Indiana,White,INMO,NorthAmerica,,2012,F. virguliforme,,,,,,,,,,,191,212,166,219,203,209,186,284,232,187,204,276
INMO-B4,Indiana_INMO_NorAm,USA,UnitedStates,Indiana,White,INMO,NorthAmerica,,2012,F. virguliforme,,,,,,,,,,,191,212,166,219,203,209,234,272,232,187,204,243
INMO-B5,Indiana_INMO_NorAm,USA,UnitedStates,Indiana,White,INMO,NorthAmerica,,2012,F. virguliforme,,,,,,,,,,,143,212,166,219,205,212,234,278,232,187,204,249
INMO-B6,Indiana_INMO_NorAm,USA,UnitedStates,Indiana,White,INMO,NorthAmerica,,2012,F. virguliforme,,,,,,,,,,,143,212,166,219,205,212,234,278,232,187,204,249
INMO-B7,Indiana_INMO_NorAm,USA,UnitedStates,Indiana,White,INMO,NorthAmerica,,2012,F. virguliforme,,,,,,,,,,,191,212,166,219,203,209,234,272,232,187,216,243
INMO-C1,Indiana_INMO_NorAm,USA,UnitedStates,Indiana,White,INMO,NorthAmerica,,2012,F. virguliforme,,,,,,,,,,,191,212,166,219,203,209,234,272,202,187,216,243
INMO-C2,Indiana_INMO_NorAm,USA,UnitedStates,Indiana,White,INMO,NorthAmerica,,2012,F. virguliforme,,,,,,,,,,,191,212,166,219,203,209,288,272,232,190,204,243
INMO-C3,Indiana_INMO_NorAm,USA,UnitedStates,Indiana,White,INMO,NorthAmerica,,2012,F. virguliforme,,,,,,,,,,,143,212,166,219,205,176,234,278,232,190,204,243
INMO-C4,Indiana_INMO_NorAm,USA,UnitedStates,Indiana,White,INMO,NorthAmerica,,2012,F. virguliforme,,,,,,,,,,,191,212,166,219,203,209,186,278,232,187,204,276
INMO-C5,Indiana_INMO_NorAm,USA,UnitedStates,Indiana,White,INMO,NorthAmerica,,2012,F. virguliforme,,,,,,,,,,,227,206,193,219,203,185,174,224,202,226,246,198
INMO-C6,Indiana_INMO_NorAm,USA,UnitedStates,Indiana,White,INMO,NorthAmerica,,2012,F. virguliforme,,,,,,,,,,,143,212,166,219,205,212,234,278,232,187,204,249
INMO-C7,Indiana_INMO_NorAm,USA,UnitedStates,Indiana,White,INMO,NorthAmerica,,2012,F. virguliforme,,,,,,,,,,,191,212,166,219,203,209,234,272,232,187,216,243
INMO-D1,Indiana_INMO_NorAm,USA,UnitedStates,Indiana,White,INMO,NorthAmerica,,2012,F. virguliforme,,,,,,,,,,,191,212,166,219,203,209,186,278,232,187,204,216
INMO-D2,Indiana_INMO_NorAm,USA,UnitedStates,Indiana,White,INMO,NorthAmerica,,2012,F. virguliforme,,,,,,,,,,,191,212,166,219,203,209,234,248,232,187,204,246
INMO-D3,Indiana_INMO_NorAm,USA,UnitedStates,Indiana,White,INMO,NorthAmerica,,2012,F. virguliforme,,,,,,,,,,,188,212,166,219,203,209,234,254,232,187,204,228
INMO-D4,Indiana_INMO_NorAm,USA,UnitedStates,Indiana,White,INMO,NorthAmerica,,2012,F. virguliforme,,,,,,,,,,,143,212,166,219,205,212,234,278,232,187,204,246
INMO-D5,Indiana_INMO_NorAm,USA,UnitedStates,Indiana,White,INMO,NorthAmerica,,2012,F. virguliforme,,,,,,,,,,,191,212,166,219,203,209,234,272,232,187,216,243
INMO-D6,Indiana_INMO_NorAm,USA,UnitedStates,Indiana,White,INMO,NorthAmerica,,2012,F. virguliforme,,,,,,,,,,,191,212,166,219,203,209,186,278,232,187,222,279
INMO-D7,Indiana_INMO_NorAm,USA,UnitedStates,Indiana,White,INMO,NorthAmerica,,2012,F. virguliforme,,,,,,,,,,,191,212,166,219,203,209,240,272,232,187,216,243
INMO-E1,Indiana_INMO_NorAm,USA,UnitedStates,Indiana,White,INMO,NorthAmerica,,2012,F. virguliforme,,,,,,,,,,,194,186,166,219,203,209,234,272,232,190,204,243
INMO-E2,Indiana_INMO_NorAm,USA,UnitedStates,Indiana,White,INMO,NorthAmerica,,2012,F. virguliforme,,,,,,,,,,,191,212,166,219,203,209,234,278,232,187,216,243
INMO-E3,Indiana_INMO_NorAm,USA,UnitedStates,Indiana,White,INMO,NorthAmerica,,2012,F. virguliforme,,,,,,,,,,,191,212,166,219,203,209,234,272,232,187,204,243
INMO-E4,Indiana_INMO_NorAm,USA,UnitedStates,Indiana,White,INMO,NorthAmerica,,2012,F. virguliforme,,,,,,,,,,,143,212,166,219,205,212,234,260,232,187,228,243
INMO-E5,Indiana_INMO_NorAm,USA,UnitedStates,Indiana,White,INMO,NorthAmerica,,2012,F. virguliforme,,,,,,,,,,,206,222,211,219,203,209,174,236,202,226,204,231
INMO-E6,Indiana_INMO_NorAm,USA,UnitedStates,Indiana,White,INMO,NorthAmerica,,2012,F. virguliforme,,,,,,,,,,,206,222,211,219,203,209,174,236,202,226,204,231
INMO-E7,Indiana_INMO_NorAm,USA,UnitedStates,Indiana,White,INMO,NorthAmerica,,2012,F. virguliforme,,,,,,,,,,,191,212,166,219,203,209,234,272,232,187,216,243
INMO-E7-2,Indiana_INMO_NorAm,USA,UnitedStates,Indiana,White,INMO,NorthAmerica,,2012,F. virguliforme,,,,,,,,,,,143,212,166,219,205,212,234,278,232,187,204,243
INMO-F1,Indiana_INMO_NorAm,USA,UnitedStates,Indiana,White,INMO,NorthAmerica,,2012,F. virguliforme,,,,,,,,,,,194,212,166,219,203,209,186,278,232,187,204,279
INMO-F2,Indiana_INMO_NorAm,USA,UnitedStates,Indiana,White,INMO,NorthAmerica,,2012,F. virguliforme,,,,,,,,,,,197,212,166,219,203,209,186,278,202,187,204,279
INMO-F3,Indiana_INMO_NorAm,USA,UnitedStates,Indiana,White,INMO,NorthAmerica,,2012,F. virguliforme,,,,,,,,,,,143,212,166,219,205,212,240,278,232,187,204,243
INMO-F4,Indiana_INMO_NorAm,USA,UnitedStates,Indiana,White,INMO,NorthAmerica,,2012,F. virguliforme,,,,,,,,,,,191,212,166,219,203,209,234,260,232,187,204,246
INMO-F5,Indiana_INMO_NorAm,USA,UnitedStates,Indiana,White,INMO,NorthAmerica,,2012,F. virguliforme,,,,,,,,,,,143,214,166,219,207,212,234,278,232,187,210,225
INMO-F6,Indiana_INMO_NorAm,USA,UnitedStates,Indiana,White,INMO,NorthAmerica,,2012,F. virguliforme,,,,,,,,,,,191,212,166,219,203,209,186,278,232,187,204,285
INMO-F7,Indiana_INMO_NorAm,USA,UnitedStates,Indiana,White,INMO,NorthAmerica,,2012,F. virguliforme,,,,,,,,,,,191,212,166,219,203,209,234,272,232,187,216,243
INMO-G1,Indiana_INMO_NorAm,USA,UnitedStates,Indiana,White,INMO,NorthAmerica,,2012,F. virguliforme,,,,,,,,,,,143,212,166,219,205,212,234,278,232,187,204,246
INMO-G2,Indiana_INMO_NorAm,USA,UnitedStates,Indiana,White,INMO,NorthAmerica,,2012,F. virguliforme,,,,,,,,,,,191,212,166,219,203,209,234,254,232,187,204,243
INMO-G3,Indiana_INMO_NorAm,USA,UnitedStates,Indiana,White,INMO,NorthAmerica,,2012,F. virguliforme,,,,,,,,,,,191,212,166,219,203,209,234,236,232,187,216,261
INMO-G5,Indiana_INMO_NorAm,USA,UnitedStates,Indiana,White,INMO,NorthAmerica,,2012,F. virguliforme,,,,,,,,,,,143,212,166,219,205,212,234,278,232,187,204,243
INMO-G6,Indiana_INMO_NorAm,USA,UnitedStates,Indiana,White,INMO,NorthAmerica,,2012,F. virguliforme,,,,,,,,,,,191,212,166,219,203,209,234,272,232,187,0,219
INMO-G7,Indiana_INMO_NorAm,USA,UnitedStates,Indiana,White,INMO,NorthAmerica,,2012,F. virguliforme,,,,,,,,,,,194,186,166,219,203,209,234,272,232,190,204,243
KOD-71,Iowa_IAGeneral_NorAm,USA,UnitedStates,Iowa,,N/A,NorthAmerica,,,F. virguliforme,,,,,,,,,,,191,212,166,219,203,209,240,254,232,187,204,246
KOD65,Iowa_IAGeneral_NorAm,USA,UnitedStates,Iowa,,N/A,NorthAmerica,,,F. virguliforme,,,,,,,,,,,143,212,166,219,205,212,234,278,232,187,204,243
KOD66,Iowa_IAGeneral_NorAm,USA,UnitedStates,Iowa,,N/A,NorthAmerica,,,F. virguliforme,,,,,,,,,,,209,224,193,231,205,212,210,290,208,163,204,228
KOD67,Iowa_IAGeneral_NorAm,USA,UnitedStates,Iowa,,N/A,NorthAmerica,,,F. virguliforme,,,,,,,,,,,191,212,166,219,203,209,234,272,232,187,222,243
KOD68,Iowa_IAGeneral_NorAm,USA,UnitedStates,Iowa,,N/A,NorthAmerica,,,F. virguliforme,,,,,,,,,,,191,212,166,219,205,209,234,272,232,187,216,264
KOD69,Iowa_IAGeneral_NorAm,USA,UnitedStates,Iowa,,N/A,NorthAmerica,,,F. virguliforme,,,,,,,,,,,218,224,193,231,205,212,210,284,232,163,204,228
KOD70,Iowa_IAGeneral_NorAm,USA,UnitedStates,Iowa,,N/A,NorthAmerica,,,F. virguliforme,,,,,,,,,,,191,212,166,219,203,209,240,254,232,187,204,246
KOD72,Iowa_IAGeneral_NorAm,USA,UnitedStates,Iowa,,N/A,NorthAmerica,,,F. virguliforme,,,,,,,,,,,143,212,166,201,205,212,234,278,232,187,204,243
KOD73,Iowa_IAGeneral_NorAm,USA,UnitedStates,Iowa,,N/A,NorthAmerica,,,F. virguliforme,,,,,,,,,,,209,224,193,231,205,212,210,290,202,163,204,228
LL0001,Iowa_IAGeneral_NorAm,USA,UnitedStates,Iowa,,N/A,NorthAmerica,,,F. virguliforme,,,,,,,,,,,143,210,166,219,205,212,234,254,232,187,204,243
LL0019,Iowa_IAGeneral_NorAm,USA,UnitedStates,Iowa,,N/A,NorthAmerica,,,F. virguliforme,,,,,,,,,,,209,224,193,231,205,212,210,290,232,163,204,228
LL0028,Iowa_IAGeneral_NorAm,USA,UnitedStates,Iowa,,N/A,NorthAmerica,,,F. virguliforme,,,,,,,,,,,191,212,166,219,203,209,234,272,232,187,222,243
LL0039,Iowa_IAGeneral_NorAm,USA,UnitedStates,Iowa,,N/A,NorthAmerica,,,F. virguliforme,,,,,,,,,,,191,212,166,219,203,209,240,254,232,187,204,246
LL0040,Iowa_IAGeneral_NorAm,USA,UnitedStates,Iowa,,N/A,NorthAmerica,,,F. virguliforme,,,,,,,,,,,191,212,166,219,203,209,234,272,232,187,216,243
LL0091,Iowa_IAGeneral_NorAm,USA,UnitedStates,Iowa,,N/A,NorthAmerica,,,F. virguliforme,,,,,,,,,,,191,212,166,219,203,209,234,266,232,187,204,246
LL0094,Iowa_IAGeneral_NorAm,USA,UnitedStates,Iowa,,N/A,NorthAmerica,,,F. virguliforme,,,,,,,,,,,209,224,193,231,205,212,210,290,238,163,204,228
LL0108,Iowa_IAGeneral_NorAm,USA,UnitedStates,Iowa,,N/A,NorthAmerica,,,F. virguliforme,,,,,,,,,,,209,224,193,231,205,185,210,290,226,163,204,228
KSSH-A1,Kansas_KSSH_NorAm,USA,UnitedStates,Kansas,Shawnee,KSSH,NorthAmerica,,2012,F. virguliforme,,,,,,,,,,,143,212,166,177,205,212,234,284,232,187,204,228
KSSH-A2,Kansas_KSSH_NorAm,USA,UnitedStates,Kansas,Shawnee,KSSH,NorthAmerica,,2012,F. virguliforme,,,,,,,,,,,191,212,166,219,203,209,234,272,232,187,204,243
KSSH-A3,Kansas_KSSH_NorAm,USA,UnitedStates,Kansas,Shawnee,KSSH,NorthAmerica,,2012,F. virguliforme,,,,,,,,,,,191,212,166,219,203,209,234,272,232,187,204,243
KSSH-A4,Kansas_KSSH_NorAm,USA,UnitedStates,Kansas,Shawnee,KSSH,NorthAmerica,,2012,F. virguliforme,,,,,,,,,,,191,212,166,219,203,209,234,272,232,187,204,243
KSSH-A5,Kansas_KSSH_NorAm,USA,UnitedStates,Kansas,Shawnee,KSSH,NorthAmerica,,2012,F. virguliforme,,,,,,,,,,,191,212,166,219,203,209,234,272,232,187,204,243
KSSH-A6,Kansas_KSSH_NorAm,USA,UnitedStates,Kansas,Shawnee,KSSH,NorthAmerica,,2012,F. virguliforme,,,,,,,,,,,191,212,166,219,203,209,234,272,232,187,204,243
KSSH-A7,Kansas_KSSH_NorAm,USA,UnitedStates,Kansas,Shawnee,KSSH,NorthAmerica,,2012,F. virguliforme,,,,,,,,,,,143,212,166,219,205,212,234,284,232,187,204,246
KSSH-B1,Kansas_KSSH_NorAm,USA,UnitedStates,Kansas,Shawnee,KSSH,NorthAmerica,,2012,F. virguliforme,,,,,,,,,,,191,210,166,219,203,209,234,272,232,187,204,243
KSSH-B3,Kansas_KSSH_NorAm,USA,UnitedStates,Kansas,Shawnee,KSSH,NorthAmerica,,2012,F. virguliforme,,,,,,,,,,,191,212,166,219,203,209,234,272,232,187,204,243
KSSH-B4,Kansas_KSSH_NorAm,USA,UnitedStates,Kansas,Shawnee,KSSH,NorthAmerica,,2012,F. virguliforme,,,,,,,,,,,143,212,166,177,205,212,234,284,232,187,204,231
KSSH-B5a,Kansas_KSSH_NorAm,USA,UnitedStates,Kansas,Shawnee,KSSH,NorthAmerica,,2012,F. virguliforme,,,,,,,,,,,191,212,166,219,203,209,234,272,232,187,204,243
KSSH-B5b,Kansas_KSSH_NorAm,USA,UnitedStates,Kansas,Shawnee,KSSH,NorthAmerica,,2012,F. virguliforme,,,,,,,,,,,191,212,166,219,203,209,0,272,232,187,204,243
KSSH-B6,Kansas_KSSH_NorAm,USA,UnitedStates,Kansas,Shawnee,KSSH,NorthAmerica,,2012,F. virguliforme,,,,,,,,,,,191,212,166,219,203,209,234,272,232,187,204,243
KSSH-B7,Kansas_KSSH_NorAm,USA,UnitedStates,Kansas,Shawnee,KSSH,NorthAmerica,,2012,F. virguliforme,,,,,,,,,,,191,212,166,219,203,209,234,272,232,187,204,243
KSSH-C1,Kansas_KSSH_NorAm,USA,UnitedStates,Kansas,Shawnee,KSSH,NorthAmerica,,2012,F. virguliforme,,,,,,,,,,,191,212,166,219,203,209,234,272,232,187,204,243
KSSH-C2,Kansas_KSSH_NorAm,USA,UnitedStates,Kansas,Shawnee,KSSH,NorthAmerica,,2012,F. virguliforme,,,,,,,,,,,191,212,166,219,203,209,234,272,232,187,204,243
KSSH-C3,Kansas_KSSH_NorAm,USA,UnitedStates,Kansas,Shawnee,KSSH,NorthAmerica,,2012,F. virguliforme,,,,,,,,,,,191,212,166,219,203,209,234,272,232,187,204,243
KSSH-C4,Kansas_KSSH_NorAm,USA,UnitedStates,Kansas,Shawnee,KSSH,NorthAmerica,,2012,F. virguliforme,,,,,,,,,,,191,212,166,219,203,209,234,272,232,214,204,210
KSSH-C5,Kansas_KSSH_NorAm,USA,UnitedStates,Kansas,Shawnee,KSSH,NorthAmerica,,2012,F. virguliforme,,,,,,,,,,,191,212,166,219,203,209,234,272,232,187,204,243
KSSH-C6,Kansas_KSSH_NorAm,USA,UnitedStates,Kansas,Shawnee,KSSH,NorthAmerica,,2012,F. virguliforme,,,,,,,,,,,143,212,166,219,205,212,234,278,232,187,204,243
KSSH-C7,Kansas_KSSH_NorAm,USA,UnitedStates,Kansas,Shawnee,KSSH,NorthAmerica,,2012,F. virguliforme,,,,,,,,,,,191,212,166,219,203,209,234,272,238,187,204,243
KSSH-D1,Kansas_KSSH_NorAm,USA,UnitedStates,Kansas,Shawnee,KSSH,NorthAmerica,,2012,F. virguliforme,,,,,,,,,,,191,212,166,219,203,209,234,272,232,187,204,243
KSSH-D2,Kansas_KSSH_NorAm,USA,UnitedStates,Kansas,Shawnee,KSSH,NorthAmerica,,2012,F. virguliforme,,,,,,,,,,,191,212,166,219,203,209,234,242,232,187,204,243
KSSH-D3,Kansas_KSSH_NorAm,USA,UnitedStates,Kansas,Shawnee,KSSH,NorthAmerica,,2012,F. virguliforme,,,,,,,,,,,191,212,166,219,203,209,234,272,232,187,204,243
KSSH-D4,Kansas_KSSH_NorAm,USA,UnitedStates,Kansas,Shawnee,KSSH,NorthAmerica,,2012,F. virguliforme,,,,,,,,,,,191,212,166,219,203,209,234,272,232,187,204,243
KSSH-D5,Kansas_KSSH_NorAm,USA,UnitedStates,Kansas,Shawnee,KSSH,NorthAmerica,,2012,F. virguliforme,,,,,,,,,,,191,212,166,219,203,209,234,272,232,187,204,201
KSSH-D6,Kansas_KSSH_NorAm,USA,UnitedStates,Kansas,Shawnee,KSSH,NorthAmerica,,2012,F. virguliforme,,,,,,,,,,,191,212,166,219,203,209,234,272,232,187,204,243
KSSH-D7,Kansas_KSSH_NorAm,USA,UnitedStates,Kansas,Shawnee,KSSH,NorthAmerica,,2012,F. virguliforme,,,,,,,,,,,191,212,166,219,203,209,234,272,232,187,204,243
KSSH-E1,Kansas_KSSH_NorAm,USA,UnitedStates,Kansas,Shawnee,KSSH,NorthAmerica,,2012,F. virguliforme,,,,,,,,,,,191,212,166,219,203,209,234,272,232,187,204,243
KSSH-E2,Kansas_KSSH_NorAm,USA,UnitedStates,Kansas,Shawnee,KSSH,NorthAmerica,,2012,F. virguliforme,,,,,,,,,,,191,212,166,219,203,209,234,272,232,187,204,243
KSSH-E3,Kansas_KSSH_NorAm,USA,UnitedStates,Kansas,Shawnee,KSSH,NorthAmerica,,2012,F. virguliforme,,,,,,,,,,,191,212,166,219,203,209,234,272,232,187,204,243
KSSH-E4,Kansas_KSSH_NorAm,USA,UnitedStates,Kansas,Shawnee,KSSH,NorthAmerica,,2012,F. virguliforme,,,,,,,,,,,191,212,166,219,203,209,234,272,232,187,204,243
KSSH-E5,Kansas_KSSH_NorAm,USA,UnitedStates,Kansas,Shawnee,KSSH,NorthAmerica,,2012,F. virguliforme,,,,,,,,,,,191,212,166,219,203,209,234,272,232,187,204,243
KSSH-E6,Kansas_KSSH_NorAm,USA,UnitedStates,Kansas,Shawnee,KSSH,NorthAmerica,,2012,F. virguliforme,,,,,,,,,,,191,212,166,219,203,209,234,272,232,187,204,243
KSSH-F1,Kansas_KSSH_NorAm,USA,UnitedStates,Kansas,Shawnee,KSSH,NorthAmerica,,2012,F. virguliforme,,,,,,,,,,,191,212,166,219,203,209,234,266,232,187,204,243
KSSH-F2,Kansas_KSSH_NorAm,USA,UnitedStates,Kansas,Shawnee,KSSH,NorthAmerica,,2012,F. virguliforme,,,,,,,,,,,188,212,166,219,203,209,234,224,232,187,204,243
KSSH-F3,Kansas_KSSH_NorAm,USA,UnitedStates,Kansas,Shawnee,KSSH,NorthAmerica,,2012,F. virguliforme,,,,,,,,,,,191,212,166,219,203,209,234,272,232,187,204,243
KSSH-F4,Kansas_KSSH_NorAm,USA,UnitedStates,Kansas,Shawnee,KSSH,NorthAmerica,,2012,F. virguliforme,,,,,,,,,,,143,212,166,219,205,212,234,278,232,187,204,243
KSSH-F5,Kansas_KSSH_NorAm,USA,UnitedStates,Kansas,Shawnee,KSSH,NorthAmerica,,2012,F. virguliforme,,,,,,,,,,,191,212,166,219,203,209,234,272,232,187,204,243
KSSH-F6,Kansas_KSSH_NorAm,USA,UnitedStates,Kansas,Shawnee,KSSH,NorthAmerica,,2012,F. virguliforme,,,,,,,,,,,143,212,166,219,205,212,234,278,232,187,204,243
KSSH-G1,Kansas_KSSH_NorAm,USA,UnitedStates,Kansas,Shawnee,KSSH,NorthAmerica,,2012,F. virguliforme,,,,,,,,,,,191,212,166,219,203,209,234,272,232,187,204,243
KSSH-G2,Kansas_KSSH_NorAm,USA,UnitedStates,Kansas,Shawnee,KSSH,NorthAmerica,,2012,F. virguliforme,,,,,,,,,,,191,212,166,219,203,209,234,314,232,187,204,270
KSSH-G3,Kansas_KSSH_NorAm,USA,UnitedStates,Kansas,Shawnee,KSSH,NorthAmerica,,2012,F. virguliforme,,,,,,,,,,,191,212,166,219,203,209,234,272,232,187,204,243
KSSH-G5,Kansas_KSSH_NorAm,USA,UnitedStates,Kansas,Shawnee,KSSH,NorthAmerica,,2012,F. virguliforme,,,,,,,,,,,191,212,166,219,203,209,252,272,232,187,204,243
KSSH-G6,Kansas_KSSH_NorAm,USA,UnitedStates,Kansas,Shawnee,KSSH,NorthAmerica,,2012,F. virguliforme,,,,,,,,,,,143,0,166,219,205,212,234,278,232,187,204,243
KSSH-G7,Kansas_KSSH_NorAm,USA,UnitedStates,Kansas,Shawnee,KSSH,NorthAmerica,,2012,F. virguliforme,,,,,,,,,,,191,212,166,219,203,209,234,278,202,187,204,243
AL1a,Michigan_MIGeneral_NorAm,USA,UnitedStates,Michigan,Allegan,,NorthAmerica,,2009,F. virguliforme,,,,,,,,,,,143,212,166,219,205,212,234,278,232,187,204,246
AL1b,Michigan_MIGeneral_NorAm,USA,UnitedStates,Michigan,Allegan,,NorthAmerica,,2009,F. virguliforme,,,,,,,,,,,143,212,166,219,205,212,234,278,232,187,204,246
Ber1-5,Michigan_MIGeneral_NorAm,USA,UnitedStates,Michigan,Berrien,,NorthAmerica,,2009,F. virguliforme,,,,,,,,,,,143,212,166,219,205,212,234,278,232,187,204,249
Ber1-9,Michigan_MIGeneral_NorAm,USA,UnitedStates,Michigan,Berrien,,NorthAmerica,,2009,F. virguliforme,,,,,,,,,,,143,212,166,219,205,212,234,272,232,187,204,249
Ca1a,Michigan_MIGeneral_NorAm,USA,UnitedStates,Michigan,Cass,,NorthAmerica,,2009,F. virguliforme,,,,,,,,,,,191,212,166,219,203,179,234,272,232,187,210,243
Ca2a,Michigan_MIGeneral_NorAm,USA,UnitedStates,Michigan,Cass,,NorthAmerica,,2009,F. virguliforme,,,,,,,,,,,191,212,166,219,203,209,234,272,232,187,210,243
Ca2b,Michigan_MIGeneral_NorAm,USA,UnitedStates,Michigan,Cass,,NorthAmerica,,2009,F. virguliforme,,,,,,,,,,,191,212,166,219,203,209,234,278,232,187,210,243
CL-11-1,Michigan_MIGeneral_NorAm,USA,UnitedStates,Michigan,Clinton,,NorthAmerica,,2011,F. virguliforme,,,,,,,,,,,143,212,166,219,205,212,210,284,208,187,204,249
Hu-11-1,Michigan_MIGeneral_NorAm,USA,UnitedStates,Michigan,Huron,,NorthAmerica,,2011,F. virguliforme,,,,,,,,,,,143,212,166,219,205,212,234,272,232,187,204,249
KA-11-1,Michigan_MIGeneral_NorAm,USA,UnitedStates,Michigan,Kalamazoo,,NorthAmerica,,2011,F. virguliforme,,,,,,F.cunneirostrum,1,1,0,6,113,172,178,201,0,152,174,224,202,145,156,159
LE-11-1,Michigan_MIGeneral_NorAm,USA,UnitedStates,Michigan,Lenawee,,NorthAmerica,,2011,F. virguliforme,,,,,,,,,,,224,206,193,219,203,185,234,272,232,226,252,198
MIIN-14-01,Michigan_MIGeneral_NorAm,USA,UnitedStates,Michigan,Ingham,MSUPltPathFarm,NorthAmerica,,2014,F. virguliforme,,,,,,,,,,,191,212,166,219,203,209,234,368,232,187,234,243
MIIN-B7,Michigan_MIGeneral_NorAm,USA,UnitedStates,Michigan,Ingham,MIIN,NorthAmerica,,2012,F. virguliforme,,,,,,,,,,,143,0,166,219,0,212,234,278,232,187,204,246
MISTJ-14-01,Michigan_MIGeneral_NorAm,USA,UnitedStates,Michigan,StJoseph,,NorthAmerica,,2014,F. virguliforme,,,,,,,,,,,143,212,166,219,205,212,234,278,232,202,204,267
Mo1a,Michigan_MIGeneral_NorAm,USA,UnitedStates,Michigan,Monroe,,NorthAmerica,,2009,F. virguliforme,,,,,,,,,,,143,212,166,219,203,209,234,272,232,193,204,264
Mo1a-2,Michigan_MIGeneral_NorAm,USA,UnitedStates,Michigan,Monroe,,NorthAmerica,,2009,F. virguliforme,,,,,,,,,,,191,212,166,219,205,212,234,278,232,187,216,243
Mo1b,Michigan_MIGeneral_NorAm,USA,UnitedStates,Michigan,Monroe,,NorthAmerica,,2009,F. virguliforme,,,,,,,,,,,191,212,166,219,203,209,198,278,232,187,216,243
Mo2a,Michigan_MIGeneral_NorAm,USA,UnitedStates,Michigan,Monroe,,NorthAmerica,,2009,F. virguliforme,,,,,,,,,,,143,212,166,219,205,212,234,272,232,187,204,246
Mo3a,Michigan_MIGeneral_NorAm,USA,UnitedStates,Michigan,Monroe,,NorthAmerica,,2009,F. virguliforme,,,,,,,,,,,191,212,166,219,203,209,138,278,232,187,216,243
Mo4a,Michigan_MIGeneral_NorAm,USA,UnitedStates,Michigan,Monroe,,NorthAmerica,,2009,F. virguliforme,,,,,,,,,,,143,212,166,219,205,212,234,278,232,187,204,246
Mo4c,Michigan_MIGeneral_NorAm,USA,UnitedStates,Michigan,Monroe,,NorthAmerica,,2009,F. virguliforme,,,,,,,,,,,143,212,166,219,205,212,234,284,232,187,204,246
Mo4c-2,Michigan_MIGeneral_NorAm,USA,UnitedStates,Michigan,Monroe,,NorthAmerica,,2009,F. virguliforme,,,,,,,,,,,143,212,166,219,205,212,234,278,232,187,204,246
Mo5a,Michigan_MIGeneral_NorAm,USA,UnitedStates,Michigan,Monroe,,NorthAmerica,,2009,F. virguliforme,,,,,,,,,,,191,212,166,219,203,209,210,290,226,190,216,243
SA-11-2b,Michigan_MIGeneral_NorAm,USA,UnitedStates,Michigan,Saginaw,,NorthAmerica,,2011,F. virguliforme,,,,,,,,,,,143,212,166,219,205,212,234,278,232,187,204,246
ST-11-1,Michigan_MIGeneral_NorAm,USA,UnitedStates,Michigan,StClair,,NorthAmerica,,2011,F. virguliforme,,,,,,,,,,,143,212,166,219,205,212,234,272,232,187,204,246
STJ-7P2ss,Michigan_MIGeneral_NorAm,USA,UnitedStates,Michigan,StJoseph,,NorthAmerica,,2009,F. virguliforme,,,,,,,,,,,191,212,166,219,203,209,234,290,232,187,216,243
STJ1-7Ps,Michigan_MIGeneral_NorAm,USA,UnitedStates,Michigan,StJoseph,,NorthAmerica,,2009,F. virguliforme,,,,,,,,,,,191,212,166,219,203,209,186,272,232,187,216,243
STJ3a,Michigan_MIGeneral_NorAm,USA,UnitedStates,Michigan,StJoseph,,NorthAmerica,,2009,F. virguliforme,,,,,,,,,,,191,212,166,219,217,173,186,272,232,187,204,279
STJ3b,Michigan_MIGeneral_NorAm,USA,UnitedStates,Michigan,StJoseph,,NorthAmerica,,2009,F. virguliforme,,,,,,,,,,,191,212,166,219,217,173,234,272,232,187,204,279
VB2a,Michigan_MIGeneral_NorAm,USA,UnitedStates,Michigan,VanBuren,,NorthAmerica,,2009,F. virguliforme,,,,,,,,,,,224,206,193,219,203,185,234,278,232,229,246,198
VB1,Michigan_MIGeneral_NorAm,USA,UnitedStates,Michigan,VanBuren,,NorthAmerica,,2009,F. virguliforme,,,,,,,,,,,143,212,166,219,205,212,180,224,202,187,204,246
MIBer-A1,Michigan_MIBer_NorAm,USA,UnitedStates,Michigan,Berrien,MIBer,NorthAmerica,,2012,F. virguliforme,,,,,,,,,,,143,212,166,219,203,209,234,272,232,187,216,246
MIBer-A2,Michigan_MIBer_NorAm,USA,UnitedStates,Michigan,Berrien,MIBer,NorthAmerica,,2012,F. virguliforme,,,,,,,,,,,191,212,166,219,205,212,234,284,232,187,204,243
MIBer-A3,Michigan_MIBer_NorAm,USA,UnitedStates,Michigan,Berrien,MIBer,NorthAmerica,,2012,F. virguliforme,,,,,,,,,,,191,212,166,219,205,212,234,278,232,187,204,243
MIBer-A4,Michigan_MIBer_NorAm,USA,UnitedStates,Michigan,Berrien,MIBer,NorthAmerica,,2012,F. virguliforme,,,,,,,,,,,203,210,193,219,203,218,234,284,202,232,210,231
MIBer-A5,Michigan_MIBer_NorAm,USA,UnitedStates,Michigan,Berrien,MIBer,NorthAmerica,,2012,F. virguliforme,,,,,,,,,,,143,210,166,189,203,218,234,278,202,187,210,246
MIBer-A6,Michigan_MIBer_NorAm,USA,UnitedStates,Michigan,Berrien,MIBer,NorthAmerica,,2012,F. virguliforme,,,,,,,,,,,170,210,193,219,205,218,234,278,202,223,210,231
MIBer-B1,Michigan_MIBer_NorAm,USA,UnitedStates,Michigan,Berrien,MIBer,NorthAmerica,,2012,F. virguliforme,,,,,,,,,,,143,212,166,189,203,209,234,272,232,187,216,246
MIBer-B2,Michigan_MIBer_NorAm,USA,UnitedStates,Michigan,Berrien,MIBer,NorthAmerica,,2012,F. virguliforme,,,,,,,,,,,191,212,166,219,203,209,234,272,232,187,216,213
MIBer-B3,Michigan_MIBer_NorAm,USA,UnitedStates,Michigan,Berrien,MIBer,NorthAmerica,,2012,F. virguliforme,,,,,,,,,,,143,212,166,219,205,212,234,278,232,187,204,246
MIBer-B4,Michigan_MIBer_NorAm,USA,UnitedStates,Michigan,Berrien,MIBer,NorthAmerica,,2012,F. virguliforme,,,,,,,,,,,143,212,166,219,205,212,234,278,232,187,204,246
MIBer-B5,Michigan_MIBer_NorAm,USA,UnitedStates,Michigan,Berrien,MIBer,NorthAmerica,,2012,F. virguliforme,,,,,,,,,,,191,212,166,219,203,209,234,272,232,187,204,243
MIBer-B6,Michigan_MIBer_NorAm,USA,UnitedStates,Michigan,Berrien,MIBer,NorthAmerica,,2012,F. virguliforme,,,,,,,,,,,143,212,166,219,205,212,234,278,232,187,204,246
MIBer-B7,Michigan_MIBer_NorAm,USA,UnitedStates,Michigan,Berrien,MIBer,NorthAmerica,,2012,F. virguliforme,,,,,,,,,,,224,206,193,225,203,185,180,224,202,226,246,198
MIBer-C1,Michigan_MIBer_NorAm,USA,UnitedStates,Michigan,Berrien,MIBer,NorthAmerica,,2012,F. virguliforme,,,,,,,,,,,191,212,166,219,203,209,234,272,232,187,204,243
MIBer-C2,Michigan_MIBer_NorAm,USA,UnitedStates,Michigan,Berrien,MIBer,NorthAmerica,,2012,F. virguliforme,,,,,,,,,,,191,212,166,219,203,209,234,272,232,187,216,243
MIBer-C3,Michigan_MIBer_NorAm,USA,UnitedStates,Michigan,Berrien,MIBer,NorthAmerica,,2012,F. virguliforme,,,,,,,,,,,191,212,166,219,203,209,234,272,232,187,198,243
MIBer-C4,Michigan_MIBer_NorAm,USA,UnitedStates,Michigan,Berrien,MIBer,NorthAmerica,,2012,F. virguliforme,,,,,,,,,,,191,212,166,219,203,209,234,272,232,187,216,246
MIBer-C6,Michigan_MIBer_NorAm,USA,UnitedStates,Michigan,Berrien,MIBer,NorthAmerica,,2012,F. virguliforme,,,,,,,,,,,230,206,193,225,203,185,180,224,202,226,246,198
MIBer-C7,Michigan_MIBer_NorAm,USA,UnitedStates,Michigan,Berrien,MIBer,NorthAmerica,,2012,F. virguliforme,,,,,,,,,,,224,206,193,225,203,185,180,224,202,226,246,198
MIBer-D1,Michigan_MIBer_NorAm,USA,UnitedStates,Michigan,Berrien,MIBer,NorthAmerica,,2012,F. virguliforme,,,,,,,,,,,191,212,166,219,203,209,186,278,232,187,222,276
MIBer-D2,Michigan_MIBer_NorAm,USA,UnitedStates,Michigan,Berrien,MIBer,NorthAmerica,,2012,F. virguliforme,,,,,,,,,,,143,212,166,219,205,212,234,278,232,187,204,261
MIBer-D3,Michigan_MIBer_NorAm,USA,UnitedStates,Michigan,Berrien,MIBer,NorthAmerica,,2012,F. virguliforme,,,,,,,,,,,191,212,166,219,203,209,234,272,232,187,216,243
MIBer-D4,Michigan_MIBer_NorAm,USA,UnitedStates,Michigan,Berrien,MIBer,NorthAmerica,,2012,F. virguliforme,,,,,,,,,,,143,212,166,219,205,212,234,278,232,187,204,261
MIBer-D5,Michigan_MIBer_NorAm,USA,UnitedStates,Michigan,Berrien,MIBer,NorthAmerica,,2012,F. virguliforme,,,,,,,,,,,143,212,166,219,205,212,234,278,232,187,204,261
MIBer-D5-2,Michigan_MIBer_NorAm,USA,UnitedStates,Michigan,Berrien,MIBer,NorthAmerica,,2012,F. virguliforme,,,,,,,,,,,143,212,166,219,205,212,234,278,232,187,204,261
MIBer-D6,Michigan_MIBer_NorAm,USA,UnitedStates,Michigan,Berrien,MIBer,NorthAmerica,,2012,F. virguliforme,,,,,,,,,,,191,212,166,219,203,209,234,272,232,187,216,243
MIBer-D7,Michigan_MIBer_NorAm,USA,UnitedStates,Michigan,Berrien,MIBer,NorthAmerica,,2012,F. virguliforme,,,,,,,,,,,143,212,166,0,0,0,234,278,232,187,204,261
MIBer-E1,Michigan_MIBer_NorAm,USA,UnitedStates,Michigan,Berrien,MIBer,NorthAmerica,,2012,F. virguliforme,,,,,,,,,,,191,212,166,219,203,209,234,272,232,187,216,249
MIBer-E2,Michigan_MIBer_NorAm,USA,UnitedStates,Michigan,Berrien,MIBer,NorthAmerica,,2012,F. virguliforme,,,,,,,,,,,191,212,166,219,203,209,234,260,232,187,204,246
MIBer-E3,Michigan_MIBer_NorAm,USA,UnitedStates,Michigan,Berrien,MIBer,NorthAmerica,,2012,F. virguliforme,,,,,,,,,,,188,212,166,219,203,209,186,278,232,187,204,279
MIBer-E4,Michigan_MIBer_NorAm,USA,UnitedStates,Michigan,Berrien,MIBer,NorthAmerica,,2012,F. virguliforme,,,,,,,,,,,191,212,166,219,203,209,186,278,232,187,204,276
MIBer-E5,Michigan_MIBer_NorAm,USA,UnitedStates,Michigan,Berrien,MIBer,NorthAmerica,,2012,F. virguliforme,,,,,,,,,,,191,212,166,219,203,209,186,278,232,187,204,276
MIBer-E6,Michigan_MIBer_NorAm,USA,UnitedStates,Michigan,Berrien,MIBer,NorthAmerica,,2012,F. virguliforme,,,,,,,,,,,191,212,166,219,203,209,186,278,232,187,210,276
MIBer-E7,Michigan_MIBer_NorAm,USA,UnitedStates,Michigan,Berrien,MIBer,NorthAmerica,,2012,F. virguliforme,,,,,,,,,,,191,212,166,219,203,209,186,278,232,187,204,276
MIBer-F1,Michigan_MIBer_NorAm,USA,UnitedStates,Michigan,Berrien,MIBer,NorthAmerica,,2012,F. virguliforme,,,,,,,,,,,191,212,166,219,203,209,234,272,232,187,216,243
MIBer-F2,Michigan_MIBer_NorAm,USA,UnitedStates,Michigan,Berrien,MIBer,NorthAmerica,,2012,F. virguliforme,,,,,,,,,,,191,212,166,219,203,209,240,272,232,187,216,243
MIBer-F3,Michigan_MIBer_NorAm,USA,UnitedStates,Michigan,Berrien,MIBer,NorthAmerica,,2012,F. virguliforme,,,,,,,,,,,191,212,166,219,203,236,234,272,232,187,216,246
MIBer-F4,Michigan_MIBer_NorAm,USA,UnitedStates,Michigan,Berrien,MIBer,NorthAmerica,,2012,F. virguliforme,,,,,,,,,,,143,212,166,219,205,212,234,278,202,187,204,243
MIBer-F5,Michigan_MIBer_NorAm,USA,UnitedStates,Michigan,Berrien,MIBer,NorthAmerica,,2012,F. virguliforme,,,,,,,,,,,143,212,166,219,205,212,234,284,232,187,204,243
MIBer-F6,Michigan_MIBer_NorAm,USA,UnitedStates,Michigan,Berrien,MIBer,NorthAmerica,,2012,F. virguliforme,,,,,,,,,,,194,212,166,219,203,209,210,278,328,208,216,243
MIBer-F7,Michigan_MIBer_NorAm,USA,UnitedStates,Michigan,Berrien,MIBer,NorthAmerica,,2012,F. virguliforme,,,,,,,,,,,0,172,178,201,0,152,186,218,196,145,156,159
MIBer-G1,Michigan_MIBer_NorAm,USA,UnitedStates,Michigan,Berrien,MIBer,NorthAmerica,,2012,F. virguliforme,,,,,,,,,,,191,212,166,219,203,209,234,272,232,187,216,243
MIBer-G2,Michigan_MIBer_NorAm,USA,UnitedStates,Michigan,Berrien,MIBer,NorthAmerica,,2012,F. virguliforme,,,,,,,,,,,143,212,166,219,205,212,234,278,232,187,204,246
MIBer-G3,Michigan_MIBer_NorAm,USA,UnitedStates,Michigan,Berrien,MIBer,NorthAmerica,,2012,F. virguliforme,,,,,,,,,,,143,212,166,219,205,212,240,278,232,187,204,246
MIBer-G4,Michigan_MIBer_NorAm,USA,UnitedStates,Michigan,Berrien,MIBer,NorthAmerica,,2012,F. virguliforme,,,,,,,,,,,143,212,166,219,205,212,234,278,232,187,204,243
MIBer-G5,Michigan_MIBer_NorAm,USA,UnitedStates,Michigan,Berrien,MIBer,NorthAmerica,,2012,F. virguliforme,,,,,,,,,,,143,212,166,219,205,212,234,278,232,187,204,246
MIBer-G6,Michigan_MIBer_NorAm,USA,UnitedStates,Michigan,Berrien,MIBer,NorthAmerica,,2012,F. virguliforme,,,,,,,,,,,143,212,166,219,205,212,234,278,232,187,204,246
MIBer-G7,Michigan_MIBer_NorAm,USA,UnitedStates,Michigan,Berrien,MIBer,NorthAmerica,,2012,F. virguliforme,,,,,,,,,,,143,212,166,219,205,212,234,278,232,202,204,243
MIBer-out,Michigan_MIBer_NorAm,USA,UnitedStates,Michigan,Berrien,MIBer,NorthAmerica,,2012,F. virguliforme,,,,,,,,,,,191,212,166,219,203,209,234,272,256,187,216,243
MISA-A1,Michigan_MISA_NorAm,USA,UnitedStates,Michigan,Saginaw,MISA,NorthAmerica,,2012,F. virguliforme,,,,,,,,,,,209,226,193,231,205,212,210,284,268,163,204,228
MISA-A2,Michigan_MISA_NorAm,USA,UnitedStates,Michigan,Saginaw,MISA,NorthAmerica,,2012,F. virguliforme,,,,,,,,,,,209,226,193,231,205,212,210,284,268,163,204,228
MISA-A3,Michigan_MISA_NorAm,USA,UnitedStates,Michigan,Saginaw,MISA,NorthAmerica,,2012,F. virguliforme,,,,,,,,,,,143,212,166,219,205,212,234,284,232,178,204,246
MISA-A4,Michigan_MISA_NorAm,USA,UnitedStates,Michigan,Saginaw,MISA,NorthAmerica,,2012,F. virguliforme,,,,,,,,,,,143,212,166,219,205,212,234,284,232,178,204,246
MISA-B1,Michigan_MISA_NorAm,USA,UnitedStates,Michigan,Saginaw,MISA,NorthAmerica,,2012,F. virguliforme,,,,,,,,,,,209,224,193,231,205,212,210,284,268,163,204,228
MISA-B3,Michigan_MISA_NorAm,USA,UnitedStates,Michigan,Saginaw,MISA,NorthAmerica,,2012,F. virguliforme,,,,,,,,,,,143,212,166,219,205,212,234,284,232,178,204,246
MISA-B6,Michigan_MISA_NorAm,USA,UnitedStates,Michigan,Saginaw,MISA,NorthAmerica,,2012,F. virguliforme,,,,,,,,,,,191,212,166,219,203,209,234,272,232,187,216,243
MISA-C4,Michigan_MISA_NorAm,USA,UnitedStates,Michigan,Saginaw,MISA,NorthAmerica,,2012,F. virguliforme,,,,,,,,,,,143,212,166,219,205,212,234,284,232,178,204,246
MISA-C6,Michigan_MISA_NorAm,USA,UnitedStates,Michigan,Saginaw,MISA,NorthAmerica,,2012,F. virguliforme,,,,,,,,,,,143,210,166,219,205,251,234,278,232,187,204,243
MISA-D1,Michigan_MISA_NorAm,USA,UnitedStates,Michigan,Saginaw,MISA,NorthAmerica,,2012,F. virguliforme,,,,,,,,,,,0,0,166,219,203,212,234,284,232,178,0,246
MISA-D7,Michigan_MISA_NorAm,USA,UnitedStates,Michigan,Saginaw,MISA,NorthAmerica,,2012,F. virguliforme,,,,,,,,,,,191,212,166,219,203,209,234,272,232,187,216,243
MISA-G1,Michigan_MISA_NorAm,USA,UnitedStates,Michigan,Saginaw,MISA,NorthAmerica,,2012,F. virguliforme,,,,,,,,,,,191,212,166,219,203,209,234,284,232,187,222,246
MISA-G5-a,Michigan_MISA_NorAm,USA,UnitedStates,Michigan,Saginaw,MISA,NorthAmerica,,2012,F. virguliforme,,,,,,,,,,,191,212,166,219,203,209,234,278,232,166,204,243
MISTJ-A1,Michigan_MISTJ_NorAm,USA,UnitedStates,Michigan,StJoseph,MISTJ,NorthAmerica,,2012,F. virguliforme,,,,,,,,,,,143,212,166,219,205,212,234,278,232,187,204,246
MISTJ-A2,Michigan_MISTJ_NorAm,USA,UnitedStates,Michigan,StJoseph,MISTJ,NorthAmerica,,2012,F. virguliforme,,,,,,,,,,,143,212,166,219,205,212,234,284,232,187,204,243
MISTJ-A3,Michigan_MISTJ_NorAm,USA,UnitedStates,Michigan,StJoseph,MISTJ,NorthAmerica,,2012,F. virguliforme,,,,,,,,,,,143,212,166,219,205,212,234,278,232,187,204,246
MISTJ-A4,Michigan_MISTJ_NorAm,USA,UnitedStates,Michigan,StJoseph,MISTJ,NorthAmerica,,2012,F. virguliforme,,,,,,,,,,,143,212,166,219,205,212,234,278,232,187,204,252
MISTJ-A5,Michigan_MISTJ_NorAm,USA,UnitedStates,Michigan,StJoseph,MISTJ,NorthAmerica,,2012,F. virguliforme,,,,,,,,,,,191,212,166,219,203,209,234,272,232,187,216,243
MISTJ-A6,Michigan_MISTJ_NorAm,USA,UnitedStates,Michigan,StJoseph,MISTJ,NorthAmerica,,2012,F. virguliforme,,,,,,,,,,,191,212,166,219,203,209,234,272,232,187,216,243
MISTJ-B1,Michigan_MISTJ_NorAm,USA,UnitedStates,Michigan,StJoseph,MISTJ,NorthAmerica,,2012,F. virguliforme,,,,,,,,,,,188,212,166,219,203,209,234,254,232,187,204,243
MISTJ-B2,Michigan_MISTJ_NorAm,USA,UnitedStates,Michigan,StJoseph,MISTJ,NorthAmerica,,2012,F. virguliforme,,,,,,,,,,,191,212,166,219,203,209,234,254,232,187,204,234
MISTJ-B3,Michigan_MISTJ_NorAm,USA,UnitedStates,Michigan,StJoseph,MISTJ,NorthAmerica,,2012,F. virguliforme,,,,,,,,,,,191,212,166,219,203,209,234,254,232,187,204,246
MISTJ-B4,Michigan_MISTJ_NorAm,USA,UnitedStates,Michigan,StJoseph,MISTJ,NorthAmerica,,2012,F. virguliforme,,,,,,,,,,,143,212,166,219,205,212,234,278,232,169,204,243
MISTJ-C2,Michigan_MISTJ_NorAm,USA,UnitedStates,Michigan,StJoseph,MISTJ,NorthAmerica,,2012,F. virguliforme,,,,,,,,,,,188,212,166,219,203,209,234,254,232,187,204,243
MISTJ-C3,Michigan_MISTJ_NorAm,USA,UnitedStates,Michigan,StJoseph,MISTJ,NorthAmerica,,2012,F. virguliforme,,,,,,,,,,,224,206,193,219,203,185,174,224,202,226,246,198
MISTJ-C5,Michigan_MISTJ_NorAm,USA,UnitedStates,Michigan,StJoseph,MISTJ,NorthAmerica,,2012,F. virguliforme,,,,,,,,,,,191,212,166,219,203,209,234,272,232,187,216,243
MISTJ-C6,Michigan_MISTJ_NorAm,USA,UnitedStates,Michigan,StJoseph,MISTJ,NorthAmerica,,2012,F. virguliforme,,,,,,,,,,,191,212,166,219,203,209,186,278,232,187,204,276
MISTJ-C7,Michigan_MISTJ_NorAm,USA,UnitedStates,Michigan,StJoseph,MISTJ,NorthAmerica,,2012,F. virguliforme,,,,,,,,,,,188,212,166,219,203,209,234,254,196,187,204,243
MISTJ-D5,Michigan_MISTJ_NorAm,USA,UnitedStates,Michigan,StJoseph,MISTJ,NorthAmerica,,2012,F. virguliforme,,,,,,,,,,,191,212,166,219,203,209,234,272,232,187,216,243
MISTJ-D6,Michigan_MISTJ_NorAm,USA,UnitedStates,Michigan,StJoseph,MISTJ,NorthAmerica,,2012,F. virguliforme,,,,,,,,,,,122,170,184,183,177,0,0,110,202,145,156,159
MISTJ-D7,Michigan_MISTJ_NorAm,USA,UnitedStates,Michigan,StJoseph,MISTJ,NorthAmerica,,2012,F. virguliforme,,,,,,,,,,,191,212,166,219,203,209,234,278,208,190,204,207
MISTJ-E2,Michigan_MISTJ_NorAm,USA,UnitedStates,Michigan,StJoseph,MISTJ,NorthAmerica,,2012,F. virguliforme,,,,,,,,,,,143,212,166,219,205,212,234,278,232,187,204,246
MISTJ-E4,Michigan_MISTJ_NorAm,USA,UnitedStates,Michigan,StJoseph,MISTJ,NorthAmerica,,2012,F. virguliforme,,,,,,,,,,,191,212,166,219,203,209,234,278,232,187,204,243
MISTJ-E4a,Michigan_MISTJ_NorAm,USA,UnitedStates,Michigan,StJoseph,MISTJ,NorthAmerica,,2012,F. virguliforme,,,,,,,,,,,0,212,166,219,205,212,234,278,232,187,204,246
MISTJ-E4b,Michigan_MISTJ_NorAm,USA,UnitedStates,Michigan,StJoseph,MISTJ,NorthAmerica,,2012,F. virguliforme,,,,,,,,,,,143,212,166,219,205,0,234,278,232,187,204,246
MISTJ-E5,Michigan_MISTJ_NorAm,USA,UnitedStates,Michigan,StJoseph,MISTJ,NorthAmerica,,2012,F. virguliforme,,,,,,,,,,,191,212,166,219,203,209,234,272,232,187,204,246
MISTJ-E6,Michigan_MISTJ_NorAm,USA,UnitedStates,Michigan,StJoseph,MISTJ,NorthAmerica,,2012,F. virguliforme,,,,,,,,,,,191,212,166,219,203,209,234,254,232,187,204,243
MISTJ-E7,Michigan_MISTJ_NorAm,USA,UnitedStates,Michigan,StJoseph,MISTJ,NorthAmerica,,2012,F. virguliforme,,,,,,,,,,,143,212,166,219,205,212,234,278,232,187,204,246
MISTJ-F1,Michigan_MISTJ_NorAm,USA,UnitedStates,Michigan,StJoseph,MISTJ,NorthAmerica,,2012,F. virguliforme,,,,,,,,,,,143,212,166,219,205,212,234,260,232,187,204,246
MISTJ-F2,Michigan_MISTJ_NorAm,USA,UnitedStates,Michigan,StJoseph,MISTJ,NorthAmerica,,2012,F. virguliforme,,,,,,,,,,,191,212,166,219,203,209,234,284,208,190,204,240
MISTJ-F3,Michigan_MISTJ_NorAm,USA,UnitedStates,Michigan,StJoseph,MISTJ,NorthAmerica,,2012,F. virguliforme,,,,,,,,,,,143,212,166,219,205,212,234,278,232,187,204,246
MISTJ-F5,Michigan_MISTJ_NorAm,USA,UnitedStates,Michigan,StJoseph,MISTJ,NorthAmerica,,2012,F. virguliforme,,,,,,,,,,,191,212,166,219,203,209,234,254,232,187,210,246
MISTJ-F6,Michigan_MISTJ_NorAm,USA,UnitedStates,Michigan,StJoseph,MISTJ,NorthAmerica,,2012,F. virguliforme,,,,,,,,,,,170,206,193,219,205,209,240,218,232,238,210,228
MISTJ-G3,Michigan_MISTJ_NorAm,USA,UnitedStates,Michigan,StJoseph,MISTJ,NorthAmerica,,2012,F. virguliforme,,,,,,,,,,,143,212,166,219,205,212,234,278,232,187,204,246
MISTJ-G4,Michigan_MISTJ_NorAm,USA,UnitedStates,Michigan,StJoseph,MISTJ,NorthAmerica,,2012,F. virguliforme,,,,,,,,,,,191,210,166,219,203,209,186,278,232,187,204,273
MISTJ-G5,Michigan_MISTJ_NorAm,USA,UnitedStates,Michigan,StJoseph,MISTJ,NorthAmerica,,2012,F. virguliforme,,,,,,,,,,,0,212,166,219,203,209,186,278,232,187,204,273
MISTJ-G7,Michigan_MISTJ_NorAm,USA,UnitedStates,Michigan,StJoseph,MISTJ,NorthAmerica,,2012,F. virguliforme,,,,,,,,,,,0,212,166,219,203,209,234,272,232,187,216,246
MITU-A1,Michigan_MITU_NorAm,USA,UnitedStates,Michigan,Tuscola,MITU,NorthAmerica,,2012,F. virguliforme,,,,,,,,,,,143,212,166,219,205,212,234,284,208,187,204,216
MITU-A2,Michigan_MITU_NorAm,USA,UnitedStates,Michigan,Tuscola,MITU,NorthAmerica,,2012,F. virguliforme,,,,,,,,,,,191,212,166,219,203,209,246,272,232,190,204,249
MITU-A3,Michigan_MITU_NorAm,USA,UnitedStates,Michigan,Tuscola,MITU,NorthAmerica,,2012,F. virguliforme,,,,,,,,,,,143,166,166,219,205,212,234,278,232,187,204,246
MITU-A4,Michigan_MITU_NorAm,USA,UnitedStates,Michigan,Tuscola,MITU,NorthAmerica,,2012,F. virguliforme,,,,,,,,,,,143,212,166,219,205,212,234,278,232,187,204,246
MITU-A5,Michigan_MITU_NorAm,USA,UnitedStates,Michigan,Tuscola,MITU,NorthAmerica,,2012,F. virguliforme,,,,,,,,,,,143,212,166,219,205,212,234,284,232,187,204,246
MITU-A6,Michigan_MITU_NorAm,USA,UnitedStates,Michigan,Tuscola,MITU,NorthAmerica,,2012,F. virguliforme,,,,,,,,,,,209,212,166,219,203,209,234,254,232,187,204,246
MITU-A7,Michigan_MITU_NorAm,USA,UnitedStates,Michigan,Tuscola,MITU,NorthAmerica,,2012,F. virguliforme,,,,,,,,,,,143,212,166,219,205,215,234,284,208,187,204,216
MITU-B1,Michigan_MITU_NorAm,USA,UnitedStates,Michigan,Tuscola,MITU,NorthAmerica,,2012,F. virguliforme,,,,,,,,,,,143,212,166,219,205,212,234,284,232,187,204,243
MITU-B2,Michigan_MITU_NorAm,USA,UnitedStates,Michigan,Tuscola,MITU,NorthAmerica,,2012,F. virguliforme,,,,,,,,,,,194,212,166,219,203,209,234,272,232,187,210,246
MITU-B3,Michigan_MITU_NorAm,USA,UnitedStates,Michigan,Tuscola,MITU,NorthAmerica,,2012,F. virguliforme,,,,,,,,,,,194,212,166,219,203,209,234,272,232,187,204,249
MITU-B3b,Michigan_MITU_NorAm,USA,UnitedStates,Michigan,Tuscola,MITU,NorthAmerica,,2012,F. virguliforme,,,,,,,,,,,194,212,166,219,203,209,234,272,232,187,204,249
MITU-B4,Michigan_MITU_NorAm,USA,UnitedStates,Michigan,Tuscola,MITU,NorthAmerica,,2012,F. virguliforme,,,,,,,,,,,143,166,166,219,205,212,234,284,232,187,204,243
MITU-B5,Michigan_MITU_NorAm,USA,UnitedStates,Michigan,Tuscola,MITU,NorthAmerica,,2012,F. virguliforme,,,,,,,,,,,143,166,166,219,205,212,234,284,232,187,204,243
MITU-B6,Michigan_MITU_NorAm,USA,UnitedStates,Michigan,Tuscola,MITU,NorthAmerica,,2012,F. virguliforme,,,,,,,,,,,143,212,166,219,205,212,234,284,232,187,204,243
MITU-B7,Michigan_MITU_NorAm,USA,UnitedStates,Michigan,Tuscola,MITU,NorthAmerica,,2012,F. virguliforme,,,,,,,,,,,143,212,166,219,205,212,234,284,232,187,204,243
MITU-B7-2,Michigan_MITU_NorAm,USA,UnitedStates,Michigan,Tuscola,MITU,NorthAmerica,,2012,F. virguliforme,,,,,,,,,,,191,212,166,219,203,209,234,272,232,190,216,243
MITU-C1,Michigan_MITU_NorAm,USA,UnitedStates,Michigan,Tuscola,MITU,NorthAmerica,,2012,F. virguliforme,,,,,,,,,,,143,212,166,219,205,212,234,284,208,187,204,216
MITU-C2,Michigan_MITU_NorAm,USA,UnitedStates,Michigan,Tuscola,MITU,NorthAmerica,,2012,F. virguliforme,,,,,,,,,,,191,214,166,219,203,209,234,254,232,187,204,246
MITU-C3-b,Michigan_MITU_NorAm,USA,UnitedStates,Michigan,Tuscola,MITU,NorthAmerica,,2012,F. virguliforme,,,,,,,,,,,0,212,166,219,201,209,234,272,232,187,204,249
MITU-C3a,Michigan_MITU_NorAm,USA,UnitedStates,Michigan,Tuscola,MITU,NorthAmerica,,2012,F. virguliforme,,,,,,,,,,,194,212,166,219,203,209,234,272,232,187,204,249
MITU-C4,Michigan_MITU_NorAm,USA,UnitedStates,Michigan,Tuscola,MITU,NorthAmerica,,2012,F. virguliforme,,,,,,,,,,,143,212,166,219,205,212,234,278,232,187,204,243
MITU-C5,Michigan_MITU_NorAm,USA,UnitedStates,Michigan,Tuscola,MITU,NorthAmerica,,2012,F. virguliforme,,,,,,,,,,,143,212,166,219,205,212,234,284,232,187,204,243
MITU-C6,Michigan_MITU_NorAm,USA,UnitedStates,Michigan,Tuscola,MITU,NorthAmerica,,2012,F. virguliforme,,,,,,,,,,,143,212,166,219,205,212,198,284,232,187,204,243
MITU-C7a,Michigan_MITU_NorAm,USA,UnitedStates,Michigan,Tuscola,MITU,NorthAmerica,,2012,F. virguliforme,,,,,,,,,,,143,212,166,219,205,212,234,284,232,187,204,243
MITU-C7b,Michigan_MITU_NorAm,USA,UnitedStates,Michigan,Tuscola,MITU,NorthAmerica,,2012,F. virguliforme,,,,,,,,,,,143,212,166,219,205,212,234,284,232,187,204,243
MITU-D1,Michigan_MITU_NorAm,USA,UnitedStates,Michigan,Tuscola,MITU,NorthAmerica,,2012,F. virguliforme,,,,,,,,,,,143,212,166,219,205,212,234,284,232,187,204,243
MITU-D2,Michigan_MITU_NorAm,USA,UnitedStates,Michigan,Tuscola,MITU,NorthAmerica,,2012,F. virguliforme,,,,,,,,,,,143,212,166,219,205,233,234,278,232,187,204,243
MITU-D3,Michigan_MITU_NorAm,USA,UnitedStates,Michigan,Tuscola,MITU,NorthAmerica,,2012,F. virguliforme,,,,,,,,,,,191,212,166,219,203,209,186,284,232,187,204,276
MITU-D4,Michigan_MITU_NorAm,USA,UnitedStates,Michigan,Tuscola,MITU,NorthAmerica,,2012,F. virguliforme,,,,,,,,,,,143,212,166,219,205,212,234,284,208,187,204,216
MITU-D5,Michigan_MITU_NorAm,USA,UnitedStates,Michigan,Tuscola,MITU,NorthAmerica,,2012,F. virguliforme,,,,,,,,,,,143,212,166,219,205,212,234,278,232,187,204,249
MITU-D6,Michigan_MITU_NorAm,USA,UnitedStates,Michigan,Tuscola,MITU,NorthAmerica,,2012,F. virguliforme,,,,,,,,,,,209,212,166,219,203,209,234,272,232,187,216,0
MITU-D7,Michigan_MITU_NorAm,USA,UnitedStates,Michigan,Tuscola,MITU,NorthAmerica,,2012,F. virguliforme,,,,,,,,,,,143,212,166,219,205,212,234,290,232,187,204,243
MITU-E1,Michigan_MITU_NorAm,USA,UnitedStates,Michigan,Tuscola,MITU,NorthAmerica,,2012,F. virguliforme,,,,,,,,,,,191,212,166,219,203,209,234,254,232,187,204,246
MITU-E2,Michigan_MITU_NorAm,USA,UnitedStates,Michigan,Tuscola,MITU,NorthAmerica,,2012,F. virguliforme,,,,,,,,,,,143,212,166,219,205,212,234,278,232,187,204,246
MITU-E3,Michigan_MITU_NorAm,USA,UnitedStates,Michigan,Tuscola,MITU,NorthAmerica,,2012,F. virguliforme,,,,,,,,,,,143,212,166,219,205,212,234,284,232,187,204,243
MITU-E4,Michigan_MITU_NorAm,USA,UnitedStates,Michigan,Tuscola,MITU,NorthAmerica,,2012,F. virguliforme,,,,,,,,,,,143,212,166,219,205,212,234,284,232,187,204,249
MITU-E5,Michigan_MITU_NorAm,USA,UnitedStates,Michigan,Tuscola,MITU,NorthAmerica,,2012,F. virguliforme,,,,,,,,,,,191,212,166,219,203,209,234,272,232,187,216,243
MITU-E6,Michigan_MITU_NorAm,USA,UnitedStates,Michigan,Tuscola,MITU,NorthAmerica,,2012,F. virguliforme,,,,,,,,,,,209,212,166,219,203,209,234,272,232,187,216,243
MITU-E7,Michigan_MITU_NorAm,USA,UnitedStates,Michigan,Tuscola,MITU,NorthAmerica,,2012,F. virguliforme,,,,,,,,,,,191,212,166,219,203,209,234,272,232,187,216,243
MITU-F1,Michigan_MITU_NorAm,USA,UnitedStates,Michigan,Tuscola,MITU,NorthAmerica,,2012,F. virguliforme,,,,,,,,,,,191,212,166,219,203,209,234,254,232,187,204,243
MITU-F2,Michigan_MITU_NorAm,USA,UnitedStates,Michigan,Tuscola,MITU,NorthAmerica,,2012,F. virguliforme,,,,,,,,,,,143,212,166,219,205,233,234,278,232,187,204,243
MITU-F3,Michigan_MITU_NorAm,USA,UnitedStates,Michigan,Tuscola,MITU,NorthAmerica,,2012,F. virguliforme,,,,,,,,,,,143,212,166,219,205,212,234,266,232,187,204,246
MITU-F4,Michigan_MITU_NorAm,USA,UnitedStates,Michigan,Tuscola,MITU,NorthAmerica,,2012,F. virguliforme,,,,,,,,,,,143,212,166,219,205,212,234,284,232,187,204,249
MITU-F5,Michigan_MITU_NorAm,USA,UnitedStates,Michigan,Tuscola,MITU,NorthAmerica,,2012,F. virguliforme,,,,,,,,,,,209,212,166,219,203,209,234,272,232,187,216,243
MITU-F6,Michigan_MITU_NorAm,USA,UnitedStates,Michigan,Tuscola,MITU,NorthAmerica,,2012,F. virguliforme,,,,,,,,,,,191,212,166,219,203,209,234,284,232,166,204,246
MITU-F7,Michigan_MITU_NorAm,USA,UnitedStates,Michigan,Tuscola,MITU,NorthAmerica,,2012,F. virguliforme,,,,,,,,,,,143,212,166,219,205,215,234,278,232,187,204,246
MITU-G1,Michigan_MITU_NorAm,USA,UnitedStates,Michigan,Tuscola,MITU,NorthAmerica,,2012,F. virguliforme,,,,,,,,,,,143,212,166,219,205,212,234,290,232,187,204,243
MITU-G2,Michigan_MITU_NorAm,USA,UnitedStates,Michigan,Tuscola,MITU,NorthAmerica,,2012,F. virguliforme,,,,,,,,,,,143,212,166,219,205,212,234,284,232,187,204,249
MITU-G3,Michigan_MITU_NorAm,USA,UnitedStates,Michigan,Tuscola,MITU,NorthAmerica,,2012,F. virguliforme,,,,,,,,,,,143,212,166,219,205,233,234,278,232,187,204,243
MITU-G4,Michigan_MITU_NorAm,USA,UnitedStates,Michigan,Tuscola,MITU,NorthAmerica,,2012,F. virguliforme,,,,,,,,,,,143,212,166,219,205,212,234,284,232,187,204,249
MITU-G5,Michigan_MITU_NorAm,USA,UnitedStates,Michigan,Tuscola,MITU,NorthAmerica,,2012,F. virguliforme,,,,,,,,,,,191,212,166,219,203,209,234,278,232,166,204,243
MITU-G6,Michigan_MITU_NorAm,USA,UnitedStates,Michigan,Tuscola,MITU,NorthAmerica,,2012,F. virguliforme,,,,,,,,,,,143,210,166,219,205,215,234,278,232,187,204,246
MITU-G7,Michigan_MITU_NorAm,USA,UnitedStates,Michigan,Tuscola,MITU,NorthAmerica,,2012,F. virguliforme,,,,,,,,,,,143,212,166,219,205,215,234,278,232,187,204,246
DBP27R11,Michigan_MIVB_NorAm,USA,UnitedStates,Michigan,VanBuren,MIVB,NorthAmerica,,2013,F. virguliforme,,,,,,,,,,,143,212,166,219,205,212,234,278,232,187,204,246
DBP27R13,Michigan_MIVB_NorAm,USA,UnitedStates,Michigan,VanBuren,MIVB,NorthAmerica,,2013,F. virguliforme,,,,,,,,,,,143,212,166,219,205,212,234,278,232,187,204,246
DBP28R13,Michigan_MIVB_NorAm,USA,UnitedStates,Michigan,VanBuren,MIVB,NorthAmerica,,2013,F. virguliforme,,,,,,,,,,,143,212,166,219,205,212,234,284,232,187,204,246
DBP29R9,Michigan_MIVB_NorAm,USA,UnitedStates,Michigan,VanBuren,MIVB,NorthAmerica,,2013,F. virguliforme,,,,,,,,,,,143,212,166,219,205,212,234,278,232,187,204,246
DBP30R3,Michigan_MIVB_NorAm,USA,UnitedStates,Michigan,VanBuren,MIVB,NorthAmerica,,2013,F. virguliforme,,,,,,,,,,,143,214,166,219,205,212,234,278,232,187,204,249
DBP30R4,Michigan_MIVB_NorAm,USA,UnitedStates,Michigan,VanBuren,MIVB,NorthAmerica,,2013,F. virguliforme,,,,,,,,,,,143,210,166,219,203,212,234,284,232,187,204,246
DBP30R5,Michigan_MIVB_NorAm,USA,UnitedStates,Michigan,VanBuren,MIVB,NorthAmerica,,2013,F. virguliforme,,,,,,,,,,,191,210,166,219,203,209,234,260,232,187,204,246
DBP30R6,Michigan_MIVB_NorAm,USA,UnitedStates,Michigan,VanBuren,MIVB,NorthAmerica,,2013,F. virguliforme,,,,,,,,,,,143,212,166,219,205,212,234,278,232,187,204,243
DBP30R7,Michigan_MIVB_NorAm,USA,UnitedStates,Michigan,VanBuren,MIVB,NorthAmerica,,2013,F. virguliforme,,,,,,,,,,,0,212,166,219,205,215,234,278,232,187,204,246
MIVB-A1,Michigan_MIVB_NorAm,USA,UnitedStates,Michigan,VanBuren,MIVB,NorthAmerica,,2012,F. virguliforme,,,,,,,,,,,143,212,166,219,205,212,234,278,232,187,204,246
MIVB-A2,Michigan_MIVB_NorAm,USA,UnitedStates,Michigan,VanBuren,MIVB,NorthAmerica,,2012,F. virguliforme,,,,,,,,,,,191,212,166,219,203,209,234,272,232,187,216,243
MIVB-A3,Michigan_MIVB_NorAm,USA,UnitedStates,Michigan,VanBuren,MIVB,NorthAmerica,,2012,F. virguliforme,,,,,,,,,,,143,186,166,219,205,212,234,278,232,187,204,246
MIVB-A4,Michigan_MIVB_NorAm,USA,UnitedStates,Michigan,VanBuren,MIVB,NorthAmerica,,2012,F. virguliforme,,,,,,,,,,,191,210,166,219,203,209,234,278,208,190,204,207
MIVB-A5,Michigan_MIVB_NorAm,USA,UnitedStates,Michigan,VanBuren,MIVB,NorthAmerica,,2012,F. virguliforme,,,,,,,,,,,140,208,166,219,205,212,234,278,232,187,204,246
MIVB-A6,Michigan_MIVB_NorAm,USA,UnitedStates,Michigan,VanBuren,MIVB,NorthAmerica,,2012,F. virguliforme,,,,,,,,,,,212,224,190,231,205,212,210,290,244,163,204,228
MIVB-A7,Michigan_MIVB_NorAm,USA,UnitedStates,Michigan,VanBuren,MIVB,NorthAmerica,,2012,F. virguliforme,,,,,,,,,,,143,212,166,219,205,212,234,278,232,187,204,246
MIVB-B1,Michigan_MIVB_NorAm,USA,UnitedStates,Michigan,VanBuren,MIVB,NorthAmerica,,2012,F. virguliforme,,,,,,,,,,,143,212,166,219,205,212,234,278,232,187,204,246
MIVB-B2,Michigan_MIVB_NorAm,USA,UnitedStates,Michigan,VanBuren,MIVB,NorthAmerica,,2012,F. virguliforme,,,,,,,,,,,143,212,166,219,205,212,234,278,232,187,204,243
MIVB-B3,Michigan_MIVB_NorAm,USA,UnitedStates,Michigan,VanBuren,MIVB,NorthAmerica,,2012,F. virguliforme,,,,,,,,,,,143,186,166,219,205,212,234,278,232,187,204,246
MIVB-B4,Michigan_MIVB_NorAm,USA,UnitedStates,Michigan,VanBuren,MIVB,NorthAmerica,,2012,F. virguliforme,,,,,,,,,,,191,212,166,219,203,209,234,272,232,187,222,243
MIVB-B5,Michigan_MIVB_NorAm,USA,UnitedStates,Michigan,VanBuren,MIVB,NorthAmerica,,2012,F. virguliforme,,,,,,,,,,,203,210,193,219,203,218,234,278,202,235,210,231
MIVB-B7,Michigan_MIVB_NorAm,USA,UnitedStates,Michigan,VanBuren,MIVB,NorthAmerica,,2012,F. virguliforme,,,,,,,,,,,143,212,166,219,205,212,234,278,232,187,204,249
MIVB-C1,Michigan_MIVB_NorAm,USA,UnitedStates,Michigan,VanBuren,MIVB,NorthAmerica,,2012,F. virguliforme,,,,,,,,,,,191,212,166,219,203,209,234,272,232,187,216,243
MIVB-C2,Michigan_MIVB_NorAm,USA,UnitedStates,Michigan,VanBuren,MIVB,NorthAmerica,,2012,F. virguliforme,,,,,,,,,,,143,212,166,219,205,212,234,278,232,187,204,246
MIVB-C3,Michigan_MIVB_NorAm,USA,UnitedStates,Michigan,VanBuren,MIVB,NorthAmerica,,2012,F. virguliforme,,,,,,,,,,,143,212,166,219,205,212,234,278,232,187,204,243
MIVB-C4,Michigan_MIVB_NorAm,USA,UnitedStates,Michigan,VanBuren,MIVB,NorthAmerica,,2012,F. virguliforme,,,,,,,,,,,143,212,166,219,205,212,234,278,232,187,204,243
MIVB-C5,Michigan_MIVB_NorAm,USA,UnitedStates,Michigan,VanBuren,MIVB,NorthAmerica,,2012,F. virguliforme,,,,,,,,,,,203,210,193,219,203,218,234,278,202,235,210,231
MIVB-C6,Michigan_MIVB_NorAm,USA,UnitedStates,Michigan,VanBuren,MIVB,NorthAmerica,,2012,F. virguliforme,,,,,,,,,,,143,212,166,219,205,212,234,278,232,187,204,252
MIVB-C7,Michigan_MIVB_NorAm,USA,UnitedStates,Michigan,VanBuren,MIVB,NorthAmerica,,2012,F. virguliforme,,,,,,,,,,,143,212,166,219,205,161,234,278,232,187,204,243
MIVB-D1,Michigan_MIVB_NorAm,USA,UnitedStates,Michigan,VanBuren,MIVB,NorthAmerica,,2012,F. virguliforme,,,,,,,,,,,143,212,166,225,205,212,234,278,232,187,204,216
MIVB-D2,Michigan_MIVB_NorAm,USA,UnitedStates,Michigan,VanBuren,MIVB,NorthAmerica,,2012,F. virguliforme,,,,,,,,,,,143,212,166,219,205,212,234,278,232,187,204,246
MIVB-D3,Michigan_MIVB_NorAm,USA,UnitedStates,Michigan,VanBuren,MIVB,NorthAmerica,,2012,F. virguliforme,,,,,,,,,,,143,212,166,219,205,212,234,278,232,187,204,243
MIVB-D4,Michigan_MIVB_NorAm,USA,UnitedStates,Michigan,VanBuren,MIVB,NorthAmerica,,2012,F. virguliforme,,,,,,,,,,,143,212,166,219,205,212,234,278,232,187,204,246
MIVB-D5,Michigan_MIVB_NorAm,USA,UnitedStates,Michigan,VanBuren,MIVB,NorthAmerica,,2012,F. virguliforme,,,,,,,,,,,191,212,166,219,203,209,234,272,232,205,216,243
MIVB-D6,Michigan_MIVB_NorAm,USA,UnitedStates,Michigan,VanBuren,MIVB,NorthAmerica,,2012,F. virguliforme,,,,,,,,,,,194,212,166,219,203,209,234,272,232,190,204,243
MIVB-D7,Michigan_MIVB_NorAm,USA,UnitedStates,Michigan,VanBuren,MIVB,NorthAmerica,,2012,F. virguliforme,,,,,,,,,,,143,212,166,219,205,212,234,278,232,187,204,246
MIVB-E1,Michigan_MIVB_NorAm,USA,UnitedStates,Michigan,VanBuren,MIVB,NorthAmerica,,2012,F. virguliforme,,,,,,,,,,,143,212,166,219,205,212,234,278,232,187,204,216
MIVB-E2,Michigan_MIVB_NorAm,USA,UnitedStates,Michigan,VanBuren,MIVB,NorthAmerica,,2012,F. virguliforme,,,,,,,,,,,143,212,166,219,205,212,234,278,232,187,204,243
MIVB-E3,Michigan_MIVB_NorAm,USA,UnitedStates,Michigan,VanBuren,MIVB,NorthAmerica,,2012,F. virguliforme,,,,,,,,,,,143,212,166,219,205,212,234,278,232,187,204,246
MIVB-E4,Michigan_MIVB_NorAm,USA,UnitedStates,Michigan,VanBuren,MIVB,NorthAmerica,,2012,F. virguliforme,,,,,,,,,,,143,212,166,219,205,212,234,284,232,187,204,246
MIVB-E5,Michigan_MIVB_NorAm,USA,UnitedStates,Michigan,VanBuren,MIVB,NorthAmerica,,2012,F. virguliforme,,,,,,,,,,,143,212,166,219,205,212,234,278,232,187,204,246
MIVB-E6,Michigan_MIVB_NorAm,USA,UnitedStates,Michigan,VanBuren,MIVB,NorthAmerica,,2012,F. virguliforme,,,,,,,,,,,191,212,166,219,203,209,234,272,232,187,204,261
MIVB-F1,Michigan_MIVB_NorAm,USA,UnitedStates,Michigan,VanBuren,MIVB,NorthAmerica,,2012,F. virguliforme,,,,,,,,,,,191,212,166,219,203,209,240,272,232,187,204,246
MIVB-F2,Michigan_MIVB_NorAm,USA,UnitedStates,Michigan,VanBuren,MIVB,NorthAmerica,,2012,F. virguliforme,,,,,,,,,,,143,212,166,219,205,212,234,278,232,187,210,243
MIVB-F3,Michigan_MIVB_NorAm,USA,UnitedStates,Michigan,VanBuren,MIVB,NorthAmerica,,2012,F. virguliforme,,,,,,,,,,,143,212,166,219,205,212,234,278,232,187,204,246
MIVB-F4,Michigan_MIVB_NorAm,USA,UnitedStates,Michigan,VanBuren,MIVB,NorthAmerica,,2012,F. virguliforme,,,,,,,,,,,143,212,166,219,205,212,234,278,232,187,204,246
MIVB-F5,Michigan_MIVB_NorAm,USA,UnitedStates,Michigan,VanBuren,MIVB,NorthAmerica,,2012,F. virguliforme,,,,,,,,,,,143,212,166,219,205,212,234,284,232,187,204,246
MIVB-F6,Michigan_MIVB_NorAm,USA,UnitedStates,Michigan,VanBuren,MIVB,NorthAmerica,,2012,F. virguliforme,,,,,,,,,,,143,212,166,219,205,212,234,278,232,187,204,246
MIVB-F7,Michigan_MIVB_NorAm,USA,UnitedStates,Michigan,VanBuren,MIVB,NorthAmerica,,2012,F. virguliforme,,,,,,,,,,,191,212,166,219,203,209,186,278,232,190,204,276
MIVB-G1,Michigan_MIVB_NorAm,USA,UnitedStates,Michigan,VanBuren,MIVB,NorthAmerica,,2012,F. virguliforme,,,,,,,,,,,191,212,166,219,203,209,234,272,232,187,216,243
MIVB-G2,Michigan_MIVB_NorAm,USA,UnitedStates,Michigan,VanBuren,MIVB,NorthAmerica,,2012,F. virguliforme,,,,,,,,,,,143,212,166,219,205,212,234,278,232,187,204,243
MIVB-G3,Michigan_MIVB_NorAm,USA,UnitedStates,Michigan,VanBuren,MIVB,NorthAmerica,,2012,F. virguliforme,,,,,,,,,,,143,212,166,219,205,212,234,278,232,187,204,246
MIVB-G5,Michigan_MIVB_NorAm,USA,UnitedStates,Michigan,VanBuren,MIVB,NorthAmerica,,2012,F. virguliforme,,,,,,,,,,,143,212,166,219,205,212,234,278,232,187,204,246
MIVB-G6,Michigan_MIVB_NorAm,USA,UnitedStates,Michigan,VanBuren,MIVB,NorthAmerica,,2012,F. virguliforme,,,,,,,,,,,191,212,166,219,203,209,234,272,232,187,222,243
MIVB-G7,Michigan_MIVB_NorAm,USA,UnitedStates,Michigan,VanBuren,MIVB,NorthAmerica,,2012,F. virguliforme,,,,,,,,,,,224,206,193,219,203,185,174,224,202,229,210,198
32392,Wisconsin_WIGeneral_NorAm,USA,UnitedStates,Wisconsin,N/A,N/A,NorthAmerica,,,F. virguliforme,,,,,,,,,,,143,212,166,219,205,215,234,278,232,187,204,243
37588,Wisconsin_WIGeneral_NorAm,USA,UnitedStates,Wisconsin,N/A,N/A,NorthAmerica,,,F. virguliforme,,,,,,,,,,,143,212,166,219,205,215,234,278,232,187,204,243
Stoldt,,USA,UnitedStates,Michigan,Lapeer,ImlayCity,NorthAmerica,,2015,F. virguliforme,,,,,,,,,,,,,,,,,,,,,,